source_code,source_concept_id,source_vocabulary_id,source_code_description,target_concept_id,target_vocabulary_id,valid_start_date,valid_end_date,invalid_reason
,0,,sulindac,1236607,RxNorm,01/01/1970,31/12/2099,
,0,,brodalumab,1592513,RxNorm,01/01/1970,31/12/2099,
,0,,duloxetine,715259,RxNorm,01/01/1970,31/12/2099,
,0,,mifepristone,1508439,RxNorm,01/01/1970,31/12/2099,
,0,,dupilumab,1593467,RxNorm,01/01/1970,31/12/2099,
,0,,bromocriptine,730548,RxNorm,01/01/1970,31/12/2099,
,0,,migalastat,40798972,RxNorm Extension,01/01/1970,31/12/2099,
,0,,sulpiride,19136626,RxNorm,01/01/1970,31/12/2099,
,0,,durvalumab,1594034,RxNorm,01/01/1970,31/12/2099,
,0,,miglustat,19045272,RxNorm,01/01/1970,31/12/2099,
,0,,budesonide,939259,RxNorm,01/01/1970,31/12/2099,
,0,,sumatriptan,1140643,RxNorm,01/01/1970,31/12/2099,
,0,,dutasteride,989482,RxNorm,01/01/1970,31/12/2099,
,0,,milrinone,1368671,RxNorm,01/01/1970,31/12/2099,
,0,,bumetanide,932745,RxNorm,01/01/1970,31/12/2099,
,0,,sunitinib,1336539,RxNorm,01/01/1970,31/12/2099,
,0,,econazole nitrate,940864,RxNorm,01/01/1970,31/12/2099,
,0,,minocycline,1708880,RxNorm,01/01/1970,31/12/2099,
,0,,eculizumab,19080458,RxNorm,01/01/1970,31/12/2099,
,0,,bupivacaine hydrochloride,732893,RxNorm,01/01/1970,31/12/2099,
,0,,suxamethonium chloride,836208,RxNorm,01/01/1970,31/12/2099,
,0,,edoxaban,45892847,RxNorm,01/01/1970,31/12/2099,
,0,,minoxidil,1309068,RxNorm,01/01/1970,31/12/2099,
,0,,buprenorphine,1133201,RxNorm,01/01/1970,31/12/2099,
,0,,tacalcitol,19008361,RxNorm,01/01/1970,31/12/2099,
,0,,mirabegron,42873636,RxNorm,01/01/1970,31/12/2099,
,0,,efavirenz,1738135,RxNorm,01/01/1970,31/12/2099,
,0,,tacrolimus,950637,RxNorm,01/01/1970,31/12/2099,
,0,,mirtazapine,725131,RxNorm,01/01/1970,31/12/2099,
,0,,bupropion hydrochloride,750982,RxNorm,01/01/1970,31/12/2099,
,0,,eflornithine,978236,RxNorm,01/01/1970,31/12/2099,
,0,,tadalafil,1336926,RxNorm,01/01/1970,31/12/2099,
,0,,misoprostol,1150871,RxNorm,01/01/1970,31/12/2099,
,0,,buserelin,19033280,RxNorm,01/01/1970,31/12/2099,
,0,,tafamidis,45774701,RxNorm,01/01/1970,31/12/2099,
,0,,elbasvir with grazoprevir,0,,01/01/1970,31/12/2099,
,0,,mitomycin,1389036,RxNorm,01/01/1970,31/12/2099,
,0,,tafluprost,42709325,RxNorm,01/01/1970,31/12/2099,
,0,,buspirone hydrochloride,733301,RxNorm,01/01/1970,31/12/2099,
,0,,eletriptan,1189697,RxNorm,01/01/1970,31/12/2099,
,0,,mitotane,1309161,RxNorm,01/01/1970,31/12/2099,
,0,,busulfan,1333357,RxNorm,01/01/1970,31/12/2099,
,0,,eliglustat,45775782,RxNorm,01/01/1970,31/12/2099,
,0,,talimogene laherparepvec,0,,01/01/1970,31/12/2099,
,0,,mitoxantrone,1309188,RxNorm,01/01/1970,31/12/2099,
,0,,tamoxifen,1436678,RxNorm,01/01/1970,31/12/2099,
,0,,c1-esterase inhibitor,45892906,RxNorm,01/01/1970,31/12/2099,
,0,,elosulfase alfa,44814525,RxNorm,01/01/1970,31/12/2099,
,0,,mivacurium,19010459,RxNorm,01/01/1970,31/12/2099,
,0,,cabazitaxel,40222431,RxNorm,01/01/1970,31/12/2099,
,0,,elotuzumab,35604032,RxNorm,01/01/1970,31/12/2099,
,0,,mizolastine,19086100,RxNorm,01/01/1970,31/12/2099,
,0,,tamsulosin hydrochloride,924566,RxNorm,01/01/1970,31/12/2099,
,0,,cabergoline,1558471,RxNorm,01/01/1970,31/12/2099,
,0,,eltrombopag,19012346,RxNorm,01/01/1970,31/12/2099,
,0,,moclobemide,19010652,RxNorm,01/01/1970,31/12/2099,
,0,,tapentadol,19026459,RxNorm,01/01/1970,31/12/2099,
,0,,cabozantinib,43012292,RxNorm,01/01/1970,31/12/2099,
,0,,modafinil,710650,RxNorm,01/01/1970,31/12/2099,
,0,,elvitegravir,42874212,RxNorm,01/01/1970,31/12/2099,
,0,,calcipotriol,908921,RxNorm,01/01/1970,31/12/2099,
,0,,tazarotene,947416,RxNorm,01/01/1970,31/12/2099,
,0,,mometasone furoate,905233,RxNorm,01/01/1970,31/12/2099,
,0,,tedizolid,45775686,RxNorm,01/01/1970,31/12/2099,
,0,,calcitonin (salmon),1537655,RxNorm,01/01/1970,31/12/2099,
,0,,"elvitegravir with cobicistat, emtricitabine and tenofovir alafenamide",0,,01/01/1970,31/12/2099,
,0,,montelukast,1154161,RxNorm,01/01/1970,31/12/2099,
,0,,calcitriol,19035631,RxNorm,01/01/1970,31/12/2099,
,0,,teduglutide,43013171,RxNorm,01/01/1970,31/12/2099,
,0,,morphine,1110410,RxNorm,01/01/1970,31/12/2099,
,0,,calcium acetate,951469,RxNorm,01/01/1970,31/12/2099,
,0,,moxifloxacin,1716903,RxNorm,01/01/1970,31/12/2099,
,0,,tegafur with gimeracil and oteracil,0,,01/01/1970,31/12/2099,
,0,,"elvitegravir with cobicistat, emtricitabine and tenofovir disoproxil",0,,01/01/1970,31/12/2099,
,0,,calcium carbonate,19035704,RxNorm,01/01/1970,31/12/2099,
,0,,emicizumab,793042,RxNorm,01/01/1970,31/12/2099,
,0,,moxisylyte,19007422,RxNorm,01/01/1970,31/12/2099,
,0,,teicoplanin,19078399,RxNorm,01/01/1970,31/12/2099,
,0,,calcium chloride,19036781,RxNorm,01/01/1970,31/12/2099,
,0,,moxonidine,19011021,RxNorm,01/01/1970,31/12/2099,
,0,,empagliflozin,45774751,RxNorm,01/01/1970,31/12/2099,
,0,,telavancin,40166675,RxNorm,01/01/1970,31/12/2099,
,0,,mupirocin,951511,RxNorm,01/01/1970,31/12/2099,
,0,,emtricitabine,1703069,RxNorm,01/01/1970,31/12/2099,
,0,,calcium gluconate,19037038,RxNorm,01/01/1970,31/12/2099,
,0,,telbivudine,1758392,RxNorm,01/01/1970,31/12/2099,
,0,,calcium lactate,19058896,RxNorm,01/01/1970,31/12/2099,
,0,,telmisartan,1317640,RxNorm,01/01/1970,31/12/2099,
,0,,emtricitabine with rilpivirine and tenofovir alafenamide,0,,01/01/1970,31/12/2099,
,0,,mycophenolate mofetil,19003999,RxNorm,01/01/1970,31/12/2099,
,0,,telotristat ethyl,1592541,RxNorm,01/01/1970,31/12/2099,
,0,,temazepam,836715,RxNorm,01/01/1970,31/12/2099,
,0,,emtricitabine with tenofovir alafenamide,0,,01/01/1970,31/12/2099,
,0,,nabilone,913440,RxNorm,01/01/1970,31/12/2099,
,0,,temocillin,19100438,RxNorm,01/01/1970,31/12/2099,
,0,,calcium phosphate,19037401,RxNorm,01/01/1970,31/12/2099,
,0,,enalapril maleate,1341927,RxNorm,01/01/1970,31/12/2099,
,0,,nabumetone,1113648,RxNorm,01/01/1970,31/12/2099,
,0,,nadolol,1313200,RxNorm,01/01/1970,31/12/2099,
,0,,temoporfin,19011067,RxNorm,01/01/1970,31/12/2099,
,0,,encorafenib,1559914,RxNorm,01/01/1970,31/12/2099,
,0,,calcium polystyrene sulfonate,19112563,RxNorm,01/01/1970,31/12/2099,
,0,,nafarelin,1507558,RxNorm,01/01/1970,31/12/2099,
,0,,temozolomide,1341149,RxNorm,01/01/1970,31/12/2099,
,0,,enfuvirtide,1717002,RxNorm,01/01/1970,31/12/2099,
,0,,temsirolimus,19092845,RxNorm,01/01/1970,31/12/2099,
,0,,naftidrofuryl oxalate,19014035,RxNorm,01/01/1970,31/12/2099,
,0,,enoxaparin sodium,1301025,RxNorm,01/01/1970,31/12/2099,
,0,,camellia sinensis,0,,01/01/1970,31/12/2099,
,0,,enoximone,19063454,RxNorm,01/01/1970,31/12/2099,
,0,,tenecteplase,19098548,RxNorm,01/01/1970,31/12/2099,
,0,,nalmefene,19014158,RxNorm,01/01/1970,31/12/2099,
,0,,naloxegol,45774613,RxNorm,01/01/1970,31/12/2099,
,0,,canagliflozin,43526465,RxNorm,01/01/1970,31/12/2099,
,0,,tenofovir alafenamide,35605546,RxNorm,01/01/1970,31/12/2099,
,0,,entacapone,782211,RxNorm,01/01/1970,31/12/2099,
,0,,canakinumab,40161669,RxNorm,01/01/1970,31/12/2099,
,0,,tenofovir disoproxil,1710281,RxNorm,01/01/1970,31/12/2099,
,0,,naloxone hydrochloride,1114220,RxNorm,01/01/1970,31/12/2099,
,0,,entecavir,1711246,RxNorm,01/01/1970,31/12/2099,
,0,,tenoxicam,19041220,RxNorm,01/01/1970,31/12/2099,
,0,,candesartan cilexetil,1351557,RxNorm,01/01/1970,31/12/2099,
,0,,enzalutamide,42900250,RxNorm,01/01/1970,31/12/2099,
,0,,naltrexone hydrochloride,1714319,RxNorm,01/01/1970,31/12/2099,
,0,,terazosin,1341238,RxNorm,01/01/1970,31/12/2099,
,0,,cangrelor,46275677,RxNorm,01/01/1970,31/12/2099,
,0,,nandrolone,1514412,RxNorm,01/01/1970,31/12/2099,
,0,,ephedrine hydrochloride,1143374,RxNorm,01/01/1970,31/12/2099,
,0,,terbinafine,1741309,RxNorm,01/01/1970,31/12/2099,
,0,,naproxen,1115008,RxNorm,01/01/1970,31/12/2099,
,0,,cannabis extract,1559806,RxNorm,01/01/1970,31/12/2099,
,0,,terbutaline sulfate,1236744,RxNorm,01/01/1970,31/12/2099,
,0,,epinastine hydrochloride,943634,RxNorm,01/01/1970,31/12/2099,
,0,,naratriptan,1118117,RxNorm,01/01/1970,31/12/2099,
,0,,teriflunomide,42900584,RxNorm,01/01/1970,31/12/2099,
,0,,capecitabine,1337620,RxNorm,01/01/1970,31/12/2099,
,0,,epirubicin hydrochloride,1344354,RxNorm,01/01/1970,31/12/2099,
,0,,natalizumab,735843,RxNorm,01/01/1970,31/12/2099,
,0,,capreomycin,19026710,RxNorm,01/01/1970,31/12/2099,
,0,,eplerenone,1309799,RxNorm,01/01/1970,31/12/2099,
,0,,nateglinide,1502826,RxNorm,01/01/1970,31/12/2099,
,0,,teriparatide,1521987,RxNorm,01/01/1970,31/12/2099,
,0,,nebivolol,1314577,RxNorm,01/01/1970,31/12/2099,
,0,,epoetin alfa,1301125,RxNorm,01/01/1970,31/12/2099,
,0,,capsaicin,939881,RxNorm,01/01/1970,31/12/2099,
,0,,terlipressin acetate,19119253,RxNorm,01/01/1970,31/12/2099,
,0,,necitumumab,35606215,RxNorm,01/01/1970,31/12/2099,
,0,,epoetin beta,19001311,RxNorm,01/01/1970,31/12/2099,
,0,,testosterone,1636780,RxNorm,01/01/1970,31/12/2099,
,0,,captopril,1340128,RxNorm,01/01/1970,31/12/2099,
,0,,nedocromil sodium,1114620,RxNorm,01/01/1970,31/12/2099,
,0,,epoetin zeta,36878697,RxNorm Extension,01/01/1970,31/12/2099,
,0,,carbamazepine,740275,RxNorm,01/01/1970,31/12/2099,
,0,,testosterone enantate,1636780,RxNorm,01/01/1970,31/12/2099,
,0,,epoprostenol,1354118,RxNorm,01/01/1970,31/12/2099,
,0,,nefopam hydrochloride,19015602,RxNorm,01/01/1970,31/12/2099,
,0,,carbetocin,36878844,RxNorm Extension,01/01/1970,31/12/2099,
,0,,eprosartan,1346686,RxNorm,01/01/1970,31/12/2099,
,0,,nelarabine,19002912,RxNorm,01/01/1970,31/12/2099,
,0,,carbimazole,19040606,RxNorm,01/01/1970,31/12/2099,
,0,,testosterone propionate,1636780,RxNorm,01/01/1970,31/12/2099,
,0,,eptifibatide,1322199,RxNorm,01/01/1970,31/12/2099,
,0,,neomycin sulfate,915981,RxNorm,01/01/1970,31/12/2099,
,0,,carbocisteine,19041843,RxNorm,01/01/1970,31/12/2099,
,0,,testosterone undecanoate,1636780,RxNorm,01/01/1970,31/12/2099,
,0,,neostigmine,717136,RxNorm,01/01/1970,31/12/2099,
,0,,carboplatin,1344905,RxNorm,01/01/1970,31/12/2099,
,0,,erdosteine,19058933,RxNorm,01/01/1970,31/12/2099,
,0,,nepafenac,909795,RxNorm,01/01/1970,31/12/2099,
,0,,tetanus immunoglobulin,35604680,RxNorm,01/01/1970,31/12/2099,
,0,,carboprost,19049150,RxNorm,01/01/1970,31/12/2099,
,0,,erenumab,1510467,RxNorm,01/01/1970,31/12/2099,
,0,,nevirapine,1769389,RxNorm,01/01/1970,31/12/2099,
,0,,carfilzomib,42873638,RxNorm,01/01/1970,31/12/2099,
,0,,tetrabenazine,836877,RxNorm,01/01/1970,31/12/2099,
,0,,ergocalciferol,19045045,RxNorm,01/01/1970,31/12/2099,
,0,,carglumic acid,19102150,RxNorm,01/01/1970,31/12/2099,
,0,,tetracaine,1036884,RxNorm,01/01/1970,31/12/2099,
,0,,nicardipine hydrochloride,1318137,RxNorm,01/01/1970,31/12/2099,
,0,,cariprazine,35603277,RxNorm,01/01/1970,31/12/2099,
,0,,ergometrine maleate,1345205,RxNorm,01/01/1970,31/12/2099,
,0,,tetracosactide,19008009,RxNorm,01/01/1970,31/12/2099,
,0,,nicorandil,19014977,RxNorm,01/01/1970,31/12/2099,
,0,,carmustine,1350066,RxNorm,01/01/1970,31/12/2099,
,0,,ergotamine tartrate,1145379,RxNorm,01/01/1970,31/12/2099,
,0,,nicotinamide,19018419,RxNorm,01/01/1970,31/12/2099,
,0,,tetracycline,1836948,RxNorm,01/01/1970,31/12/2099,
,0,,carvedilol,1346823,RxNorm,01/01/1970,31/12/2099,
,0,,eribulin,40230712,RxNorm,01/01/1970,31/12/2099,
,0,,nicotine,718583,RxNorm,01/01/1970,31/12/2099,
,0,,erlotinib,1325363,RxNorm,01/01/1970,31/12/2099,
,0,,tetrastarch,1036157,RxNorm,01/01/1970,31/12/2099,
,0,,caspofungin,1718054,RxNorm,01/01/1970,31/12/2099,
,0,,nicotinic acid,1517824,RxNorm,01/01/1970,31/12/2099,
,0,,cefaclor,1768849,RxNorm,01/01/1970,31/12/2099,
,0,,ertapenem,1717963,RxNorm,01/01/1970,31/12/2099,
,0,,nifedipine,1318853,RxNorm,01/01/1970,31/12/2099,
,0,,cefadroxil,1769535,RxNorm,01/01/1970,31/12/2099,
,0,,tezacaftor with ivacaftor,0,,01/01/1970,31/12/2099,
,0,,nilotinib,1394023,RxNorm,01/01/1970,31/12/2099,
,0,,ertugliflozin,793293,RxNorm,01/01/1970,31/12/2099,
,0,,cefalexin,1786621,RxNorm,01/01/1970,31/12/2099,
,0,,thalidomide,19137042,RxNorm,01/01/1970,31/12/2099,
,0,,nimodipine,1319133,RxNorm,01/01/1970,31/12/2099,
,0,,cefepime,1748975,RxNorm,01/01/1970,31/12/2099,
,0,,erythromycin,1746940,RxNorm,01/01/1970,31/12/2099,
,0,,cefixime,1796435,RxNorm,01/01/1970,31/12/2099,
,0,,theophylline,1237049,RxNorm,01/01/1970,31/12/2099,
,0,,nintedanib,45775396,RxNorm,01/01/1970,31/12/2099,
,0,,escitalopram,715939,RxNorm,01/01/1970,31/12/2099,
,0,,cefotaxime,1774470,RxNorm,01/01/1970,31/12/2099,
,0,,niraparib,1593861,RxNorm,01/01/1970,31/12/2099,
,0,,thiopental sodium,700253,RxNorm,01/01/1970,31/12/2099,
,0,,esketamine,40798803,RxNorm Extension,01/01/1970,31/12/2099,
,0,,cefoxitin,1775741,RxNorm,01/01/1970,31/12/2099,
,0,,nitisinone,1586640,RxNorm,01/01/1970,31/12/2099,
,0,,thiotepa,19137385,RxNorm,01/01/1970,31/12/2099,
,0,,cefradine,1786842,RxNorm,01/01/1970,31/12/2099,
,0,,eslicarbazepine acetate,44507780,RxNorm,01/01/1970,31/12/2099,
,0,,nitrazepam,19020021,RxNorm,01/01/1970,31/12/2099,
,0,,thyrotropin alfa,19063297,RxNorm,01/01/1970,31/12/2099,
,0,,ceftaroline fosamil,46274210,RxNorm,01/01/1970,31/12/2099,
,0,,nitrofurantoin,920293,RxNorm,01/01/1970,31/12/2099,
,0,,esmolol hydrochloride,19063575,RxNorm,01/01/1970,31/12/2099,
,0,,tiagabine,715458,RxNorm,01/01/1970,31/12/2099,
,0,,ceftazidime,1776684,RxNorm,01/01/1970,31/12/2099,
,0,,esomeprazole,904453,RxNorm,01/01/1970,31/12/2099,
,0,,nitrous oxide,19021129,RxNorm,01/01/1970,31/12/2099,
,0,,tiaprofenic acid,19086910,RxNorm,01/01/1970,31/12/2099,
,0,,ceftazidime with avibactam,0,,01/01/1970,31/12/2099,
,0,,nivolumab,45892628,RxNorm,01/01/1970,31/12/2099,
,0,,estradiol,1548195,RxNorm,01/01/1970,31/12/2099,
,0,,tibolone,19041933,RxNorm,01/01/1970,31/12/2099,
,0,,ceftobiprole,36878858,RxNorm Extension,01/01/1970,31/12/2099,
,0,,nizatidine,950696,RxNorm,01/01/1970,31/12/2099,
,0,,nonoxinol,969444,RxNorm,01/01/1970,31/12/2099,
,0,,estradiol with dydrogesterone,0,,01/01/1970,31/12/2099,
,0,,ticagrelor,40241186,RxNorm,01/01/1970,31/12/2099,
,0,,ceftolozane with tazobactam,0,,01/01/1970,31/12/2099,
,0,,noradrenaline/norepinephrine,1321341,RxNorm,01/01/1970,31/12/2099,
,0,,estradiol with nomegestrol,0,,01/01/1970,31/12/2099,
,0,,ceftriaxone,1777806,RxNorm,01/01/1970,31/12/2099,
,0,,ticarcillin with clavulanic acid,0,,01/01/1970,31/12/2099,
,0,,cefuroxime,1778162,RxNorm,01/01/1970,31/12/2099,
,0,,norethisterone,1521369,RxNorm,01/01/1970,31/12/2099,
,0,,estramustine phosphate,1349025,RxNorm,01/01/1970,31/12/2099,
,0,,celecoxib,1118084,RxNorm,01/01/1970,31/12/2099,
,0,,estriol,19049038,RxNorm,01/01/1970,31/12/2099,
,0,,norethisterone with mestranol,0,,01/01/1970,31/12/2099,
,0,,"tick-borne encephalitis vaccine, inactivated",19056508,RxNorm,01/01/1970,31/12/2099,
,0,,celiprolol hydrochloride,19049145,RxNorm,01/01/1970,31/12/2099,
,0,,etamsylate,19049350,RxNorm,01/01/1970,31/12/2099,
,0,,tigecycline,1742432,RxNorm,01/01/1970,31/12/2099,
,0,,normal immunoglobulin,19117912,RxNorm,01/01/1970,31/12/2099,
,0,,cenegermin,43012825,RxNorm,01/01/1970,31/12/2099,
,0,,etanercept,1151789,RxNorm,01/01/1970,31/12/2099,
,0,,tildrakizumab,35200139,RxNorm,01/01/1970,31/12/2099,
,0,,ceritinib,44818466,RxNorm,01/01/1970,31/12/2099,
,0,,etelcalcetide,1593331,RxNorm,01/01/1970,31/12/2099,
,0,,nortriptyline,721724,RxNorm,01/01/1970,31/12/2099,
,0,,timolol maleate,902427,RxNorm,01/01/1970,31/12/2099,
,0,,certolizumab pegol,912263,RxNorm,01/01/1970,31/12/2099,
,0,,nystatin,922570,RxNorm,01/01/1970,31/12/2099,
,0,,ethambutol hydrochloride,1749301,RxNorm,01/01/1970,31/12/2099,
,0,,tinidazole,1702559,RxNorm,01/01/1970,31/12/2099,
,0,,obeticholic acid,36250189,RxNorm,01/01/1970,31/12/2099,
,0,,cetirizine hydrochloride,1149196,RxNorm,01/01/1970,31/12/2099,
,0,,tinzaparin sodium,1308473,RxNorm,01/01/1970,31/12/2099,
,0,,obinutuzumab,44507676,RxNorm,01/01/1970,31/12/2099,
,0,,ethinylestradiol,1549786,RxNorm,01/01/1970,31/12/2099,
,0,,cetrorelix,1503983,RxNorm,01/01/1970,31/12/2099,
,0,,tioconazole,942028,RxNorm,01/01/1970,31/12/2099,
,0,,ocrelizumab,1593457,RxNorm,01/01/1970,31/12/2099,
,0,,cetuximab,1315411,RxNorm,01/01/1970,31/12/2099,
,0,,tioguanine,1437379,RxNorm,01/01/1970,31/12/2099,
,0,,ocriplasmin,42904298,RxNorm,01/01/1970,31/12/2099,
,0,,ethinylestradiol with desogestrel,0,,01/01/1970,31/12/2099,
,0,,octreotide,1522957,RxNorm,01/01/1970,31/12/2099,
,0,,tiotropium,1106776,RxNorm,01/01/1970,31/12/2099,
,0,,"charcoal, activated",1701928,RxNorm,01/01/1970,31/12/2099,
,0,,ofloxacin,923081,RxNorm,01/01/1970,31/12/2099,
,0,,tipranavir,1736999,RxNorm,01/01/1970,31/12/2099,
,0,,ethinylestradiol with drospirenone,0,,01/01/1970,31/12/2099,
,0,,chenodeoxycholic acid,19052447,RxNorm,01/01/1970,31/12/2099,
,0,,olanzapine,785788,RxNorm,01/01/1970,31/12/2099,
,0,,tirofiban,19017067,RxNorm,01/01/1970,31/12/2099,
,0,,tivozanib,40684606,RxNorm Extension,01/01/1970,31/12/2099,
,0,,chloral hydrate,19135825,RxNorm,01/01/1970,31/12/2099,
,0,,ethinylestradiol with etonogestrel,0,,01/01/1970,31/12/2099,
,0,,olanzapine embonate,785788,RxNorm,01/01/1970,31/12/2099,
,0,,tizanidine,778474,RxNorm,01/01/1970,31/12/2099,
,0,,chlorambucil,1390051,RxNorm,01/01/1970,31/12/2099,
,0,,olaparib,45892579,RxNorm,01/01/1970,31/12/2099,
,0,,tobramycin,902722,RxNorm,01/01/1970,31/12/2099,
,0,,ethinylestradiol with gestodene,0,,01/01/1970,31/12/2099,
,0,,chloramphenicol,990069,RxNorm,01/01/1970,31/12/2099,
,0,,olaratumab,1718346,RxNorm,01/01/1970,31/12/2099,
,0,,tocilizumab,40171288,RxNorm,01/01/1970,31/12/2099,
,0,,tofacitinib,42904205,RxNorm,01/01/1970,31/12/2099,
,0,,olmesartan medoxomil,40226742,RxNorm,01/01/1970,31/12/2099,
,0,,chlordiazepoxide hydrochloride,990678,RxNorm,01/01/1970,31/12/2099,
,0,,ethinylestradiol with levonorgestrel,0,,01/01/1970,31/12/2099,
,0,,tolbutamide,1502855,RxNorm,01/01/1970,31/12/2099,
,0,,olodaterol,45775116,RxNorm,01/01/1970,31/12/2099,
,0,,chlorhexidine,1790812,RxNorm,01/01/1970,31/12/2099,
,0,,tolcapone,715727,RxNorm,01/01/1970,31/12/2099,
,0,,olopatadine,915855,RxNorm,01/01/1970,31/12/2099,
,0,,ethinylestradiol with norelgestromin,0,,01/01/1970,31/12/2099,
,0,,chlorhexidine with nystatin,0,,01/01/1970,31/12/2099,
,0,,tolfenamic acid,19042155,RxNorm,01/01/1970,31/12/2099,
,0,,olsalazine sodium,916282,RxNorm,01/01/1970,31/12/2099,
,0,,chlormethine,1394337,RxNorm,01/01/1970,31/12/2099,
,0,,omalizumab,1110942,RxNorm,01/01/1970,31/12/2099,
,0,,ethinylestradiol with norethisterone,0,,01/01/1970,31/12/2099,
,0,,tolterodine tartrate,913782,RxNorm,01/01/1970,31/12/2099,
,0,,chloroquine,1792515,RxNorm,01/01/1970,31/12/2099,
,0,,tolvaptan,19036797,RxNorm,01/01/1970,31/12/2099,
,0,,ombitasvir with paritaprevir and ritonavir,0,,01/01/1970,31/12/2099,
,0,,ethinylestradiol with norgestimate,0,,01/01/1970,31/12/2099,
,0,,chlorphenamine maleate,1192710,RxNorm,01/01/1970,31/12/2099,
,0,,topiramate,742267,RxNorm,01/01/1970,31/12/2099,
,0,,ethosuximide,750119,RxNorm,01/01/1970,31/12/2099,
,0,,omega-3-acid ethyl esters,1560305,RxNorm,01/01/1970,31/12/2099,
,0,,chlorpromazine hydrochloride,794852,RxNorm,01/01/1970,31/12/2099,
,0,,topotecan,1378509,RxNorm,01/01/1970,31/12/2099,
,0,,omeprazole,923645,RxNorm,01/01/1970,31/12/2099,
,0,,etodolac,1195492,RxNorm,01/01/1970,31/12/2099,
,0,,torasemide,942350,RxNorm,01/01/1970,31/12/2099,
,0,,chlortalidone,1395058,RxNorm,01/01/1970,31/12/2099,
,0,,etomidate,19050488,RxNorm,01/01/1970,31/12/2099,
,0,,ondansetron,1000560,RxNorm,01/01/1970,31/12/2099,
,0,,toremifene,1342346,RxNorm,01/01/1970,31/12/2099,
,0,,etonogestrel,1519936,RxNorm,01/01/1970,31/12/2099,
,0,,opicapone,40799013,RxNorm Extension,01/01/1970,31/12/2099,
,0,,trabectedin,35603017,RxNorm,01/01/1970,31/12/2099,
,0,,cholera vaccine,595252,RxNorm,01/01/1970,31/12/2099,
,0,,etoposide,1350504,RxNorm,01/01/1970,31/12/2099,
,0,,orlistat,741530,RxNorm,01/01/1970,31/12/2099,
,0,,cholic acid,44506782,RxNorm,01/01/1970,31/12/2099,
,0,,tramadol hydrochloride,1103314,RxNorm,01/01/1970,31/12/2099,
,0,,etoricoxib,19011355,RxNorm,01/01/1970,31/12/2099,
,0,,choline salicylate,36256129,RxNorm Extension,01/01/1970,31/12/2099,
,0,,orphenadrine hydrochloride,724394,RxNorm,01/01/1970,31/12/2099,
,0,,trametinib,43532497,RxNorm,01/01/1970,31/12/2099,
,0,,etravirine,1758536,RxNorm,01/01/1970,31/12/2099,
,0,,oseltamivir,1799139,RxNorm,01/01/1970,31/12/2099,
,0,,trandolapril,1342439,RxNorm,01/01/1970,31/12/2099,
,0,,everolimus,19011440,RxNorm,01/01/1970,31/12/2099,
,0,,choriogonadotropin alfa,1563600,RxNorm,01/01/1970,31/12/2099,
,0,,osimertinib,35605522,RxNorm,01/01/1970,31/12/2099,
,0,,evolocumab,46287466,RxNorm,01/01/1970,31/12/2099,
,0,,tranexamic acid,1303425,RxNorm,01/01/1970,31/12/2099,
,0,,ciclesonide,902938,RxNorm,01/01/1970,31/12/2099,
,0,,ospemifene,43525773,RxNorm,01/01/1970,31/12/2099,
,0,,exemestane,1398399,RxNorm,01/01/1970,31/12/2099,
,0,,tranylcypromine,703470,RxNorm,01/01/1970,31/12/2099,
,0,,ciclosporin,19010482,RxNorm,01/01/1970,31/12/2099,
,0,,oxaliplatin,1318011,RxNorm,01/01/1970,31/12/2099,
,0,,daptomycin,1786617,RxNorm,01/01/1970,31/12/2099,
,0,,trastuzumab,1387104,RxNorm,01/01/1970,31/12/2099,
,0,,oxazepam,724816,RxNorm,01/01/1970,31/12/2099,
,0,,cidofovir,1745072,RxNorm,01/01/1970,31/12/2099,
,0,,daratumumab,35605744,RxNorm,01/01/1970,31/12/2099,
,0,,cilostazol,1350310,RxNorm,01/01/1970,31/12/2099,
,0,,oxcarbazepine,718122,RxNorm,01/01/1970,31/12/2099,
,0,,trastuzumab emtansine,43525787,RxNorm,01/01/1970,31/12/2099,
,0,,darbepoetin alfa,1304643,RxNorm,01/01/1970,31/12/2099,
,0,,cimetidine,997276,RxNorm,01/01/1970,31/12/2099,
,0,,oxerutins,19001308,RxNorm,01/01/1970,31/12/2099,
,0,,travoprost,904501,RxNorm,01/01/1970,31/12/2099,
,0,,darifenacin,916230,RxNorm,01/01/1970,31/12/2099,
,0,,cinacalcet,1548111,RxNorm,01/01/1970,31/12/2099,
,0,,trazodone hydrochloride,703547,RxNorm,01/01/1970,31/12/2099,
,0,,darunavir,1756831,RxNorm,01/01/1970,31/12/2099,
,0,,oxybutynin hydrochloride,918906,RxNorm,01/01/1970,31/12/2099,
,0,,cinnarizine,19097481,RxNorm,01/01/1970,31/12/2099,
,0,,dasabuvir,45892558,RxNorm,01/01/1970,31/12/2099,
,0,,treosulfan,19042545,RxNorm,01/01/1970,31/12/2099,
,0,,ciprofibrate,19050375,RxNorm,01/01/1970,31/12/2099,
,0,,dasatinib,1358436,RxNorm,01/01/1970,31/12/2099,
,0,,oxycodone hydrochloride,1124957,RxNorm,01/01/1970,31/12/2099,
,0,,tretinoin,903643,RxNorm,01/01/1970,31/12/2099,
,0,,ciprofloxacin,1797513,RxNorm,01/01/1970,31/12/2099,
,0,,daunorubicin,1311799,RxNorm,01/01/1970,31/12/2099,
,0,,oxytetracycline,925952,RxNorm,01/01/1970,31/12/2099,
,0,,tretinoin with clindamycin,0,,01/01/1970,31/12/2099,
,0,,ciprofloxacin with dexamethasone,0,,01/01/1970,31/12/2099,
,0,,decitabine,19024728,RxNorm,01/01/1970,31/12/2099,
,0,,oxytocin,1326115,RxNorm,01/01/1970,31/12/2099,
,0,,tretinoin with erythromycin,0,,01/01/1970,31/12/2099,
,0,,paclitaxel,1378382,RxNorm,01/01/1970,31/12/2099,
,0,,deferasirox,1786055,RxNorm,01/01/1970,31/12/2099,
,0,,ciprofloxacin with fluocinolone acetonide,0,,01/01/1970,31/12/2099,
,0,,palbociclib,45892075,RxNorm,01/01/1970,31/12/2099,
,0,,deferiprone,19011091,RxNorm,01/01/1970,31/12/2099,
,0,,triamcinolone acetonide,903963,RxNorm,01/01/1970,31/12/2099,
,0,,cisatracurium,19015726,RxNorm,01/01/1970,31/12/2099,
,0,,paliperidone,703244,RxNorm,01/01/1970,31/12/2099,
,0,,deflazacort,19086888,RxNorm,01/01/1970,31/12/2099,
,0,,palivizumab,537647,RxNorm,01/01/1970,31/12/2099,
,0,,triamcinolone hexacetonide,903963,RxNorm,01/01/1970,31/12/2099,
,0,,cisplatin,1397599,RxNorm,01/01/1970,31/12/2099,
,0,,degarelix,19058410,RxNorm,01/01/1970,31/12/2099,
,0,,palonosetron,911354,RxNorm,01/01/1970,31/12/2099,
,0,,citalopram,797617,RxNorm,01/01/1970,31/12/2099,
,0,,delamanid,36879076,RxNorm Extension,01/01/1970,31/12/2099,
,0,,triamterene,904542,RxNorm,01/01/1970,31/12/2099,
,0,,palonosetron with netupitant,0,,01/01/1970,31/12/2099,
,0,,demeclocycline hydrochloride,1714527,RxNorm,01/01/1970,31/12/2099,
,0,,citric acid with magnesium carbonate,0,,01/01/1970,31/12/2099,
,0,,trientine dihydrochloride,19004969,RxNorm,01/01/1970,31/12/2099,
,0,,denosumab,40222444,RxNorm,01/01/1970,31/12/2099,
,0,,pamidronate disodium,1511646,RxNorm,01/01/1970,31/12/2099,
,0,,trifluoperazine,704984,RxNorm,01/01/1970,31/12/2099,
,0,,citric acid with potassium citrate,0,,01/01/1970,31/12/2099,
,0,,dequalinium chloride,19016063,RxNorm,01/01/1970,31/12/2099,
,0,,cladribine,19054825,RxNorm,01/01/1970,31/12/2099,
,0,,pancreatin,926487,RxNorm,01/01/1970,31/12/2099,
,0,,trifluridine with tipiracil,0,,01/01/1970,31/12/2099,
,0,,clarithromycin,1750500,RxNorm,01/01/1970,31/12/2099,
,0,,desferrioxamine mesilate,1711947,RxNorm,01/01/1970,31/12/2099,
,0,,pancuronium bromide,19026674,RxNorm,01/01/1970,31/12/2099,
,0,,clemastine,1197677,RxNorm,01/01/1970,31/12/2099,
,0,,trihexyphenidyl hydrochloride,705178,RxNorm,01/01/1970,31/12/2099,
,0,,panitumumab,19100985,RxNorm,01/01/1970,31/12/2099,
,0,,desflurane,19002770,RxNorm,01/01/1970,31/12/2099,
,0,,clindamycin,997881,RxNorm,01/01/1970,31/12/2099,
,0,,panobinostat,46221435,RxNorm,01/01/1970,31/12/2099,
,0,,desloratadine,1103006,RxNorm,01/01/1970,31/12/2099,
,0,,trimethoprim,1705674,RxNorm,01/01/1970,31/12/2099,
,0,,clobazam,19050832,RxNorm,01/01/1970,31/12/2099,
,0,,pantoprazole,948078,RxNorm,01/01/1970,31/12/2099,
,0,,trimipramine,705755,RxNorm,01/01/1970,31/12/2099,
,0,,desmopressin,1517070,RxNorm,01/01/1970,31/12/2099,
,0,,papaveretum,19129648,RxNorm,01/01/1970,31/12/2099,
,0,,clobetasol propionate,998415,RxNorm,01/01/1970,31/12/2099,
,0,,triptorelin,1343039,RxNorm,01/01/1970,31/12/2099,
,0,,desogestrel,1588000,RxNorm,01/01/1970,31/12/2099,
,0,,paracetamol,1125315,RxNorm,01/01/1970,31/12/2099,
,0,,tropicamide,906072,RxNorm,01/01/1970,31/12/2099,
,0,,clobetasone butyrate,19005129,RxNorm,01/01/1970,31/12/2099,
,0,,dexamethasone,1518254,RxNorm,01/01/1970,31/12/2099,
,0,,clofarabine,19054821,RxNorm,01/01/1970,31/12/2099,
,0,,parathyroid hormone,43532113,RxNorm,01/01/1970,31/12/2099,
,0,,tropicamide with phenylephrine and lidocaine,0,,01/01/1970,31/12/2099,
,0,,clofazimine,1798476,RxNorm,01/01/1970,31/12/2099,
,0,,parecoxib,19003570,RxNorm,01/01/1970,31/12/2099,
,0,,dexamethasone with glacial acetic acid and neomycin sulfate,0,,01/01/1970,31/12/2099,
,0,,clomethiazole,19092283,RxNorm,01/01/1970,31/12/2099,
,0,,paricalcitol,1517740,RxNorm,01/01/1970,31/12/2099,
,0,,trospium chloride,991825,RxNorm,01/01/1970,31/12/2099,
,0,,dexamfetamine sulfate,719311,RxNorm,01/01/1970,31/12/2099,
,0,,paroxetine,722031,RxNorm,01/01/1970,31/12/2099,
,0,,clomifene citrate,1598819,RxNorm,01/01/1970,31/12/2099,
,0,,dexibuprofen,1177480,RxNorm,01/01/1970,31/12/2099,
,0,,tryptophan,19006186,RxNorm,01/01/1970,31/12/2099,
,0,,pasireotide,43012417,RxNorm,01/01/1970,31/12/2099,
,0,,dexketoprofen,19056874,RxNorm,01/01/1970,31/12/2099,
,0,,clomipramine hydrochloride,798834,RxNorm,01/01/1970,31/12/2099,
,0,,dexmedetomidine,19061088,RxNorm,01/01/1970,31/12/2099,
,0,,patiromer calcium,36444840,RxNorm Extension,01/01/1970,31/12/2099,
,0,,clonazepam,798874,RxNorm,01/01/1970,31/12/2099,
,0,,typhoid vaccine,0,,01/01/1970,31/12/2099,
,0,,dexrazoxane,1353011,RxNorm,01/01/1970,31/12/2099,
,0,,pazopanib,40167554,RxNorm,01/01/1970,31/12/2099,
,0,,ulipristal acetate,40225722,RxNorm,01/01/1970,31/12/2099,
,0,,clonidine hydrochloride,1398937,RxNorm,01/01/1970,31/12/2099,
,0,,pegaspargase,1326481,RxNorm,01/01/1970,31/12/2099,
,0,,dextran 70 with sodium chloride,0,,01/01/1970,31/12/2099,
,0,,umeclidinium,44785907,RxNorm,01/01/1970,31/12/2099,
,0,,clopidogrel,1322184,RxNorm,01/01/1970,31/12/2099,
,0,,pegfilgrastim,1325608,RxNorm,01/01/1970,31/12/2099,
,0,,clotrimazole,1000632,RxNorm,01/01/1970,31/12/2099,
,0,,diamorphine hydrochloride,19022417,RxNorm,01/01/1970,31/12/2099,
,0,,clozapine,800878,RxNorm,01/01/1970,31/12/2099,
,0,,peginterferon alfa,0,,01/01/1970,31/12/2099,
,0,,umeclidinium with vilanterol,0,,01/01/1970,31/12/2099,
,0,,diazepam,723013,RxNorm,01/01/1970,31/12/2099,
,0,,co-amilozide,0,,01/01/1970,31/12/2099,
,0,,diazoxide,1523280,RxNorm,01/01/1970,31/12/2099,
,0,,peginterferon beta-1a,45775146,RxNorm,01/01/1970,31/12/2099,
,0,,undecenoic acid with zinc undecenoate,0,,01/01/1970,31/12/2099,
,0,,co-amoxiclav,0,,01/01/1970,31/12/2099,
,0,,diclofenac potassium,1124300,RxNorm,01/01/1970,31/12/2099,
,0,,pegvisomant,1503432,RxNorm,01/01/1970,31/12/2099,
,0,,urofollitropin,1515417,RxNorm,01/01/1970,31/12/2099,
,0,,co-beneldopa,0,,01/01/1970,31/12/2099,
,0,,pembrolizumab,45775965,RxNorm,01/01/1970,31/12/2099,
,0,,diclofenac sodium,1124300,RxNorm,01/01/1970,31/12/2099,
,0,,urokinase,1307515,RxNorm,01/01/1970,31/12/2099,
,0,,pemetrexed,1304919,RxNorm,01/01/1970,31/12/2099,
,0,,co-careldopa,0,,01/01/1970,31/12/2099,
,0,,dicobalt edetate,19007780,RxNorm,01/01/1970,31/12/2099,
,0,,ursodeoxycholic acid,988095,RxNorm,01/01/1970,31/12/2099,
,0,,co-codamol,0,,01/01/1970,31/12/2099,
,0,,penicillamine,19028050,RxNorm,01/01/1970,31/12/2099,
,0,,ustekinumab,40161532,RxNorm,01/01/1970,31/12/2099,
,0,,dicycloverine hydrochloride,924724,RxNorm,01/01/1970,31/12/2099,
,0,,co-cyprindiol,0,,01/01/1970,31/12/2099,
,0,,valaciclovir,1717704,RxNorm,01/01/1970,31/12/2099,
,0,,pentamidine isetionate,1730370,RxNorm,01/01/1970,31/12/2099,
,0,,pentazocine,1130585,RxNorm,01/01/1970,31/12/2099,
,0,,co-danthramer,0,,01/01/1970,31/12/2099,
,0,,valganciclovir,1703063,RxNorm,01/01/1970,31/12/2099,
,0,,"dicycloverine hydrochloride with aluminium hydroxide, magnesium oxide and simeticone",0,,01/01/1970,31/12/2099,
,0,,valproic acid,745466,RxNorm,01/01/1970,31/12/2099,
,0,,co-danthrusate,0,,01/01/1970,31/12/2099,
,0,,pentosan polysulfate sodium,924151,RxNorm,01/01/1970,31/12/2099,
,0,,didanosine,1724869,RxNorm,01/01/1970,31/12/2099,
,0,,valsartan,1308842,RxNorm,01/01/1970,31/12/2099,
,0,,co-fluampicil,0,,01/01/1970,31/12/2099,
,0,,pentostatin,19031224,RxNorm,01/01/1970,31/12/2099,
,0,,vancomycin,1707687,RxNorm,01/01/1970,31/12/2099,
,0,,dienogest with estradiol valerate,0,,01/01/1970,31/12/2099,
,0,,vandetanib,40238052,RxNorm,01/01/1970,31/12/2099,
,0,,co-magaldrox,0,,01/01/1970,31/12/2099,
,0,,pentoxifylline,1331247,RxNorm,01/01/1970,31/12/2099,
,0,,vardenafil,1311276,RxNorm,01/01/1970,31/12/2099,
,0,,diethylstilbestrol,1525866,RxNorm,01/01/1970,31/12/2099,
,0,,peppermint oil,19086712,RxNorm,01/01/1970,31/12/2099,
,0,,co-phenotrope,0,,01/01/1970,31/12/2099,
,0,,varenicline,780442,RxNorm,01/01/1970,31/12/2099,
,0,,co-tenidone,0,,01/01/1970,31/12/2099,
,0,,perampanel,42904177,RxNorm,01/01/1970,31/12/2099,
,0,,diflucortolone valerate,19026096,RxNorm,01/01/1970,31/12/2099,
,0,,co-trimoxazole,0,,01/01/1970,31/12/2099,
,0,,pergolide,732309,RxNorm,01/01/1970,31/12/2099,
,0,,digoxin,1326303,RxNorm,01/01/1970,31/12/2099,
,0,,varicella-zoster immunoglobulin,543291,RxNorm,01/01/1970,31/12/2099,
,0,,pericyazine,19053565,RxNorm,01/01/1970,31/12/2099,
,0,,coal tar,1000995,RxNorm,01/01/1970,31/12/2099,
,0,,cobimetinib,35605804,RxNorm,01/01/1970,31/12/2099,
,0,,dihydrocodeine tartrate,1189596,RxNorm,01/01/1970,31/12/2099,
,0,,perindopril arginine,1373225,RxNorm,01/01/1970,31/12/2099,
,0,,codeine phosphate,1201620,RxNorm,01/01/1970,31/12/2099,
,0,,varicella-zoster vaccine,42800027,RxNorm,01/01/1970,31/12/2099,
,0,,perindopril erbumine,1373225,RxNorm,01/01/1970,31/12/2099,
,0,,dihydrocodeine with paracetamol,0,,01/01/1970,31/12/2099,
,0,,colchicine,1101554,RxNorm,01/01/1970,31/12/2099,
,0,,vasopressin,1507835,RxNorm,01/01/1970,31/12/2099,
,0,,permethrin,922868,RxNorm,01/01/1970,31/12/2099,
,0,,dihydrotachysterol,19027015,RxNorm,01/01/1970,31/12/2099,
,0,,pertuzumab,42801287,RxNorm,01/01/1970,31/12/2099,
,0,,colecalciferol,19095164,RxNorm,01/01/1970,31/12/2099,
,0,,vecuronium bromide,19012598,RxNorm,01/01/1970,31/12/2099,
,0,,vedolizumab,45774639,RxNorm,01/01/1970,31/12/2099,
,0,,diltiazem hydrochloride,1328165,RxNorm,01/01/1970,31/12/2099,
,0,,pethidine hydrochloride,1102527,RxNorm,01/01/1970,31/12/2099,
,0,,colesevelam hydrochloride,1518148,RxNorm,01/01/1970,31/12/2099,
,0,,velaglucerase alfa,40174604,RxNorm,01/01/1970,31/12/2099,
,0,,phenelzine,733896,RxNorm,01/01/1970,31/12/2099,
,0,,dimethyl fumarate,43526424,RxNorm,01/01/1970,31/12/2099,
,0,,vemurafenib,40241937,RxNorm,01/01/1970,31/12/2099,
,0,,colestipol hydrochloride,1501617,RxNorm,01/01/1970,31/12/2099,
,0,,phenindione,19033934,RxNorm,01/01/1970,31/12/2099,
,0,,venetoclax,35604205,RxNorm,01/01/1970,31/12/2099,
,0,,dimeticone,916662,RxNorm,01/01/1970,31/12/2099,
,0,,colestyramine,19095309,RxNorm,01/01/1970,31/12/2099,
,0,,phenobarbital,734275,RxNorm,01/01/1970,31/12/2099,
,0,,venlafaxine,743670,RxNorm,01/01/1970,31/12/2099,
,0,,dinoprostone,1329415,RxNorm,01/01/1970,31/12/2099,
,0,,phenol,923540,RxNorm,01/01/1970,31/12/2099,
,0,,colistimethate sodium,1701677,RxNorm,01/01/1970,31/12/2099,
,0,,dinutuximab beta,40685018,RxNorm Extension,01/01/1970,31/12/2099,
,0,,verapamil hydrochloride,1307863,RxNorm,01/01/1970,31/12/2099,
,0,,phenoxybenzamine hydrochloride,1335301,RxNorm,01/01/1970,31/12/2099,
,0,,collagenase,980311,RxNorm,01/01/1970,31/12/2099,
,0,,vernakalant,40799192,RxNorm Extension,01/01/1970,31/12/2099,
,0,,diphtheria antitoxin,19031041,RxNorm,01/01/1970,31/12/2099,
,0,,conestat alfa,36878937,RxNorm Extension,01/01/1970,31/12/2099,
,0,,phenoxymethylpenicillin,1729720,RxNorm,01/01/1970,31/12/2099,
,0,,verteporfin,912803,RxNorm,01/01/1970,31/12/2099,
,0,,vigabatrin,19020002,RxNorm,01/01/1970,31/12/2099,
,0,,phentolamine mesilate,1335539,RxNorm,01/01/1970,31/12/2099,
,0,,conjugated oestrogens (equine),0,,01/01/1970,31/12/2099,
,0,,vildagliptin,19122137,RxNorm,01/01/1970,31/12/2099,
,0,,diphtheria with tetanus and poliomyelitis vaccine,0,,01/01/1970,31/12/2099,
,0,,phenylephrine hydrochloride,1135766,RxNorm,01/01/1970,31/12/2099,
,0,,vinblastine sulfate,19008264,RxNorm,01/01/1970,31/12/2099,
,0,,phenytoin,740910,RxNorm,01/01/1970,31/12/2099,
,0,,vincristine sulfate,1308290,RxNorm,01/01/1970,31/12/2099,
,0,,conjugated oestrogens with bazedoxifene acetate,0,,01/01/1970,31/12/2099,
,0,,vindesine sulfate,19008336,RxNorm,01/01/1970,31/12/2099,
,0,,cranberry juice,42904275,RxNorm,01/01/1970,31/12/2099,
,0,,pholcodine,19024213,RxNorm,01/01/1970,31/12/2099,
,0,,"diphtheria with tetanus, pertussis and poliomyelitis vaccine",0,,01/01/1970,31/12/2099,
,0,,crisantaspase,19012585,RxNorm,01/01/1970,31/12/2099,
,0,,phosphate,19112944,RxNorm,01/01/1970,31/12/2099,
,0,,vinflunine,36878852,RxNorm Extension,01/01/1970,31/12/2099,
,0,,crizotinib,40242675,RxNorm,01/01/1970,31/12/2099,
,0,,pilocarpine,945286,RxNorm,01/01/1970,31/12/2099,
,0,,vinorelbine,1343346,RxNorm,01/01/1970,31/12/2099,
,0,,cyclizine,909358,RxNorm,01/01/1970,31/12/2099,
,0,,pimecrolimus,915935,RxNorm,01/01/1970,31/12/2099,
,0,,vismodegib,42709321,RxNorm,01/01/1970,31/12/2099,
,0,,"diphtheria with tetanus, pertussis and poliomyelitis vaccine ",0,,01/01/1970,31/12/2099,
,0,,pimozide,745790,RxNorm,01/01/1970,31/12/2099,
,0,,voriconazole,1714277,RxNorm,01/01/1970,31/12/2099,
,0,,cyclopentolate hydrochloride,910232,RxNorm,01/01/1970,31/12/2099,
,0,,pindolol,1345858,RxNorm,01/01/1970,31/12/2099,
,0,,vortioxetine,44507700,RxNorm,01/01/1970,31/12/2099,
,0,,cyclophosphamide,1310317,RxNorm,01/01/1970,31/12/2099,
,0,,pioglitazone,1525215,RxNorm,01/01/1970,31/12/2099,
,0,,warfarin sodium,1310149,RxNorm,01/01/1970,31/12/2099,
,0,,cycloserine,1710446,RxNorm,01/01/1970,31/12/2099,
,0,,xipamide,19010493,RxNorm,01/01/1970,31/12/2099,
,0,,piperacillin with tazobactam,0,,01/01/1970,31/12/2099,
,0,,piracetam,19046654,RxNorm,01/01/1970,31/12/2099,
,0,,"diphtheria with tetanus, pertussis, hepatitis b, poliomyelitis and haemophilus influenzae type b vaccine",0,,01/01/1970,31/12/2099,
,0,,cyproheptadine hydrochloride,1110727,RxNorm,01/01/1970,31/12/2099,
,0,,xylometazoline hydrochloride,943852,RxNorm,01/01/1970,31/12/2099,
,0,,pirfenidone,45775206,RxNorm,01/01/1970,31/12/2099,
,0,,cyproterone acetate,19010792,RxNorm,01/01/1970,31/12/2099,
,0,,piroxicam,1146810,RxNorm,01/01/1970,31/12/2099,
,0,,cytarabine,1311078,RxNorm,01/01/1970,31/12/2099,
,0,,pitolisant,40799031,RxNorm Extension,01/01/1970,31/12/2099,
,0,,"yellow fever vaccine, live",559532,RxNorm,01/01/1970,31/12/2099,
,0,,lodoxamide,967496,RxNorm,01/01/1970,31/12/2099,
,0,,"diphtheria with tetanus, pertussis, poliomyelitis and haemophilus influenzae type b vaccine",0,,01/01/1970,31/12/2099,
,0,,zanamivir,1708748,RxNorm,01/01/1970,31/12/2099,
,0,,dabigatran etexilate,40228152,RxNorm,01/01/1970,31/12/2099,
,0,,lofepramine,19091830,RxNorm,01/01/1970,31/12/2099,
,0,,zidovudine,1710612,RxNorm,01/01/1970,31/12/2099,
,0,,dabrafenib,43532299,RxNorm,01/01/1970,31/12/2099,
,0,,dacarbazine,1311409,RxNorm,01/01/1970,31/12/2099,
,0,,dipipanone hydrochloride with cyclizine,0,,01/01/1970,31/12/2099,
,0,,zinc acetate,979096,RxNorm,01/01/1970,31/12/2099,
,0,,lofexidine hydrochloride,19007803,RxNorm,01/01/1970,31/12/2099,
,0,,dacomitinib,35200803,RxNorm,01/01/1970,31/12/2099,
,0,,zinc sulfate,19044522,RxNorm,01/01/1970,31/12/2099,
,0,,lomitapide,43013119,RxNorm,01/01/1970,31/12/2099,
,0,,dipyridamole,1331270,RxNorm,01/01/1970,31/12/2099,
,0,,dalbavancin,45774861,RxNorm,01/01/1970,31/12/2099,
,0,,zoledronic acid,1524674,RxNorm,01/01/1970,31/12/2099,
,0,,lomustine,1391846,RxNorm,01/01/1970,31/12/2099,
,0,,disopyramide,1335606,RxNorm,01/01/1970,31/12/2099,
,0,,dalteparin sodium,1301065,RxNorm,01/01/1970,31/12/2099,
,0,,zolmitriptan,1116031,RxNorm,01/01/1970,31/12/2099,
,0,,disulfiram,735850,RxNorm,01/01/1970,31/12/2099,
,0,,loperamide hydrochloride,991876,RxNorm,01/01/1970,31/12/2099,
,0,,danaparoid sodium,19026343,RxNorm,01/01/1970,31/12/2099,
,0,,dithranol,952538,RxNorm,01/01/1970,31/12/2099,
,0,,zolpidem tartrate,744740,RxNorm,01/01/1970,31/12/2099,
,0,,danazol,1511449,RxNorm,01/01/1970,31/12/2099,
,0,,lopinavir with ritonavir,0,,01/01/1970,31/12/2099,
,0,,dobutamine,1337720,RxNorm,01/01/1970,31/12/2099,
,0,,zonisamide,744798,RxNorm,01/01/1970,31/12/2099,
,0,,loprazolam,19042550,RxNorm,01/01/1970,31/12/2099,
,0,,zopiclone,19044883,RxNorm,01/01/1970,31/12/2099,
,0,,docetaxel,1315942,RxNorm,01/01/1970,31/12/2099,
,0,,dantrolene sodium,711714,RxNorm,01/01/1970,31/12/2099,
,0,,zuclopenthixol,19010886,RxNorm,01/01/1970,31/12/2099,
,0,,loratadine,1107830,RxNorm,01/01/1970,31/12/2099,
,0,,docusate sodium,941258,RxNorm,01/01/1970,31/12/2099,
,0,,dapagliflozin,44785829,RxNorm,01/01/1970,31/12/2099,
,0,,lorazepam,791967,RxNorm,01/01/1970,31/12/2099,
,0,,dapoxetine,40684608,RxNorm Extension,01/01/1970,31/12/2099,
,0,,zuclopenthixol acetate,19010886,RxNorm,01/01/1970,31/12/2099,
,0,,dolutegravir,43560385,RxNorm,01/01/1970,31/12/2099,
,0,,lormetazepam,19007977,RxNorm,01/01/1970,31/12/2099,
,0,,dapsone,1711759,RxNorm,01/01/1970,31/12/2099,
,0,,domperidone,19037833,RxNorm,01/01/1970,31/12/2099,
,0,,zuclopenthixol decanoate,19010886,RxNorm,01/01/1970,31/12/2099,
,0,,losartan potassium,1367500,RxNorm,01/01/1970,31/12/2099,
,0,,arsenic trioxide,1333379,RxNorm,01/01/1970,31/12/2099,
,0,,risperidone,735979,RxNorm,01/01/1970,31/12/2099,
,0,,donepezil hydrochloride,715997,RxNorm,01/01/1970,31/12/2099,
,0,,loteprednol etabonate,967562,RxNorm,01/01/1970,31/12/2099,
,0,,ritonavir,1748921,RxNorm,01/01/1970,31/12/2099,
,0,,loxapine,792263,RxNorm,01/01/1970,31/12/2099,
,0,,artemether with lumefantrine,0,,01/01/1970,31/12/2099,
,0,,dopamine hydrochloride,1337860,RxNorm,01/01/1970,31/12/2099,
,0,,rituximab,1314273,RxNorm,01/01/1970,31/12/2099,
,0,,lumacaftor with ivacaftor,0,,01/01/1970,31/12/2099,
,0,,rivaroxaban,40241331,RxNorm,01/01/1970,31/12/2099,
,0,,artenimol with piperaquine phosphate,0,,01/01/1970,31/12/2099,
,0,,doravirine,35200446,RxNorm,01/01/1970,31/12/2099,
,0,,ascorbic acid,19011773,RxNorm,01/01/1970,31/12/2099,
,0,,rivastigmine,733523,RxNorm,01/01/1970,31/12/2099,
,0,,dornase alfa,1125443,RxNorm,01/01/1970,31/12/2099,
,0,,lurasidone hydrochloride,40230761,RxNorm,01/01/1970,31/12/2099,
,0,,asenapine,40164052,RxNorm,01/01/1970,31/12/2099,
,0,,rizatriptan,1154077,RxNorm,01/01/1970,31/12/2099,
,0,,dorzolamide,981709,RxNorm,01/01/1970,31/12/2099,
,0,,lutropin alfa,1543112,RxNorm,01/01/1970,31/12/2099,
,0,,asfotase alfa,35603109,RxNorm,01/01/1970,31/12/2099,
,0,,rocuronium bromide,19003953,RxNorm,01/01/1970,31/12/2099,
,0,,lymecycline,19092353,RxNorm,01/01/1970,31/12/2099,
,0,,dosulepin hydrochloride,19037989,RxNorm,01/01/1970,31/12/2099,
,0,,asparaginase,19012585,RxNorm,01/01/1970,31/12/2099,
,0,,roflumilast,40236897,RxNorm,01/01/1970,31/12/2099,
,0,,aspirin,1112807,RxNorm,01/01/1970,31/12/2099,
,0,,macitentan,44507580,RxNorm,01/01/1970,31/12/2099,
,0,,doxapram hydrochloride,738152,RxNorm,01/01/1970,31/12/2099,
,0,,rolapitant,46287434,RxNorm,01/01/1970,31/12/2099,
,0,,doxazosin,1363053,RxNorm,01/01/1970,31/12/2099,
,0,,ataluren,36879015,RxNorm Extension,01/01/1970,31/12/2099,
,0,,macrogol 3350,986417,RxNorm,01/01/1970,31/12/2099,
,0,,romiplostim,19032407,RxNorm,01/01/1970,31/12/2099,
,0,,doxepin,738156,RxNorm,01/01/1970,31/12/2099,
,0,,atazanavir,1727223,RxNorm,01/01/1970,31/12/2099,
,0,,ropinirole,713823,RxNorm,01/01/1970,31/12/2099,
,0,,doxorubicin hydrochloride,1338512,RxNorm,01/01/1970,31/12/2099,
,0,,atenolol,1314002,RxNorm,01/01/1970,31/12/2099,
,0,,atezolizumab,42629079,RxNorm,01/01/1970,31/12/2099,
,0,,"macrogol 3350 with anhydrous sodium sulfate, ascorbic acid, potassium chloride, sodium ascorbate and sodium chloride",0,,01/01/1970,31/12/2099,
,0,,doxycycline,1738521,RxNorm,01/01/1970,31/12/2099,
,0,,ropivacaine hydrochloride,1136487,RxNorm,01/01/1970,31/12/2099,
,0,,atomoxetine,742185,RxNorm,01/01/1970,31/12/2099,
,0,,rosuvastatin,1510813,RxNorm,01/01/1970,31/12/2099,
,0,,doxylamine with pyridoxine,0,,01/01/1970,31/12/2099,
,0,,atorvastatin,1545958,RxNorm,01/01/1970,31/12/2099,
,0,,"macrogol 3350 with anhydrous sodium sulfate, potassium chloride, sodium bicarbonate and sodium chloride",0,,01/01/1970,31/12/2099,
,0,,atosiban,19122136,RxNorm,01/01/1970,31/12/2099,
,0,,rotavirus vaccine,597056,RxNorm,01/01/1970,31/12/2099,
,0,,dried prothrombin complex,0,,01/01/1970,31/12/2099,
,0,,atovaquone,1781733,RxNorm,01/01/1970,31/12/2099,
,0,,dronedarone,40163615,RxNorm,01/01/1970,31/12/2099,
,0,,"macrogol 3350 with potassium chloride, sodium bicarbonate and sodium chloride",0,,01/01/1970,31/12/2099,
,0,,rotigotine,786426,RxNorm,01/01/1970,31/12/2099,
,0,,droperidol,739323,RxNorm,01/01/1970,31/12/2099,
,0,,atovaquone with proguanil hydrochloride,0,,01/01/1970,31/12/2099,
,0,,magnesium aspartate,19019131,RxNorm,01/01/1970,31/12/2099,
,0,,rucaparib,1718850,RxNorm,01/01/1970,31/12/2099,
,0,,rufinamide,19006586,RxNorm,01/01/1970,31/12/2099,
,0,,dulaglutide,45774435,RxNorm,01/01/1970,31/12/2099,
,0,,magnesium carbonate,908464,RxNorm,01/01/1970,31/12/2099,
,0,,atracurium besilate,19014341,RxNorm,01/01/1970,31/12/2099,
,0,,gemeprost,19011126,RxNorm,01/01/1970,31/12/2099,
,0,,rupatadine,36879144,RxNorm Extension,01/01/1970,31/12/2099,
,0,,atropine sulfate,914335,RxNorm,01/01/1970,31/12/2099,
,0,,gemfibrozil,1558242,RxNorm,01/01/1970,31/12/2099,
,0,,ruxolitinib,40244464,RxNorm,01/01/1970,31/12/2099,
,0,,magnesium citrate with sodium picosulfate,0,,01/01/1970,31/12/2099,
,0,,gemtuzumab ozogamicin,42799711,RxNorm,01/01/1970,31/12/2099,
,0,,avanafil,42800040,RxNorm,01/01/1970,31/12/2099,
,0,,avelumab,1593273,RxNorm,01/01/1970,31/12/2099,
,0,,gentamicin,45892419,RxNorm,01/01/1970,31/12/2099,
,0,,sacubitril with valsartan,0,,01/01/1970,31/12/2099,
,0,,magnesium glycerophosphate,36879003,RxNorm Extension,01/01/1970,31/12/2099,
,0,,safinamide,1594333,RxNorm,01/01/1970,31/12/2099,
,0,,magnesium sulfate,19093848,RxNorm,01/01/1970,31/12/2099,
,0,,aviptadil with phentolamine mesilate,0,,01/01/1970,31/12/2099,
,0,,salbutamol,1192218,RxNorm,01/01/1970,31/12/2099,
,0,,gentamicin with hydrocortisone,0,,01/01/1970,31/12/2099,
,0,,axitinib,42709322,RxNorm,01/01/1970,31/12/2099,
,0,,magnesium trisilicate,908730,RxNorm,01/01/1970,31/12/2099,
,0,,salicylic acid,964407,RxNorm,01/01/1970,31/12/2099,
,0,,glatiramer acetate,751889,RxNorm,01/01/1970,31/12/2099,
,0,,azacitidine,1314865,RxNorm,01/01/1970,31/12/2099,
,0,,malathion,993979,RxNorm,01/01/1970,31/12/2099,
,0,,azathioprine,19014878,RxNorm,01/01/1970,31/12/2099,
,0,,salicylic acid with rhubarb extract,0,,01/01/1970,31/12/2099,
,0,,glecaprevir with pibrentasvir,0,,01/01/1970,31/12/2099,
,0,,mannitol,994058,RxNorm,01/01/1970,31/12/2099,
,0,,azelaic acid,986790,RxNorm,01/01/1970,31/12/2099,
,0,,glibenclamide,1559684,RxNorm,01/01/1970,31/12/2099,
,0,,maraviroc,1787101,RxNorm,01/01/1970,31/12/2099,
,0,,salicylic acid with zinc oxide,0,,01/01/1970,31/12/2099,
,0,,gliclazide,19059796,RxNorm,01/01/1970,31/12/2099,
,0,,azelastine hydrochloride,934075,RxNorm,01/01/1970,31/12/2099,
,0,,salmeterol,1137529,RxNorm,01/01/1970,31/12/2099,
,0,,glimepiride,1597756,RxNorm,01/01/1970,31/12/2099,
,0,,azilsartan medoxomil,40235485,RxNorm,01/01/1970,31/12/2099,
,0,,glipizide,1560171,RxNorm,01/01/1970,31/12/2099,
,0,,"measles, mumps and rubella vaccine, live",0,,01/01/1970,31/12/2099,
,0,,sapropterin dihydrochloride,19021959,RxNorm,01/01/1970,31/12/2099,
,0,,azithromycin,1734104,RxNorm,01/01/1970,31/12/2099,
,0,,glucagon,1560278,RxNorm,01/01/1970,31/12/2099,
,0,,mebendazole,1794280,RxNorm,01/01/1970,31/12/2099,
,0,,saquinavir,1746244,RxNorm,01/01/1970,31/12/2099,
,0,,aztreonam,1715117,RxNorm,01/01/1970,31/12/2099,
,0,,glucosamine,1360332,RxNorm,01/01/1970,31/12/2099,
,0,,sarilumab,1594587,RxNorm,01/01/1970,31/12/2099,
,0,,mebeverine hydrochloride,19008994,RxNorm,01/01/1970,31/12/2099,
,0,,glucose,1560524,RxNorm,01/01/1970,31/12/2099,
,0,,saxagliptin,40166035,RxNorm,01/01/1970,31/12/2099,
,0,,bacillus calmette-guérin,0,,01/01/1970,31/12/2099,
,0,,secukinumab,45892883,RxNorm,01/01/1970,31/12/2099,
,0,,glutaraldehyde,1761033,RxNorm,01/01/1970,31/12/2099,
,0,,medroxyprogesterone acetate,1500211,RxNorm,01/01/1970,31/12/2099,
,0,,selegiline hydrochloride,766209,RxNorm,01/01/1970,31/12/2099,
,0,,mefenamic acid,1197736,RxNorm,01/01/1970,31/12/2099,
,0,,glycerol phenylbutyrate,1539954,RxNorm,01/01/1970,31/12/2099,
,0,,bacillus calmette-guérin vaccine,19015423,RxNorm,01/01/1970,31/12/2099,
,0,,selexipag,35604848,RxNorm,01/01/1970,31/12/2099,
,0,,mefloquine,19000498,RxNorm,01/01/1970,31/12/2099,
,0,,baclofen,715233,RxNorm,01/01/1970,31/12/2099,
,0,,semaglutide,793143,RxNorm,01/01/1970,31/12/2099,
,0,,glyceryl trinitrate,1361711,RxNorm,01/01/1970,31/12/2099,
,0,,balsalazide sodium,934262,RxNorm,01/01/1970,31/12/2099,
,0,,megestrol acetate,1300978,RxNorm,01/01/1970,31/12/2099,
,0,,senna,0,,01/01/1970,31/12/2099,
,0,,glycine,962398,RxNorm,01/01/1970,31/12/2099,
,0,,melatonin,1301152,RxNorm,01/01/1970,31/12/2099,
,0,,bambuterol hydrochloride,19034275,RxNorm,01/01/1970,31/12/2099,
,0,,sertraline,739138,RxNorm,01/01/1970,31/12/2099,
,0,,glycopyrronium bromide,45775571,RxNorm,01/01/1970,31/12/2099,
,0,,meloxicam,1150345,RxNorm,01/01/1970,31/12/2099,
,0,,baricitinib,1510627,RxNorm,01/01/1970,31/12/2099,
,0,,sevelamer,952004,RxNorm,01/01/1970,31/12/2099,
,0,,golimumab,19041065,RxNorm,01/01/1970,31/12/2099,
,0,,basiliximab,19038440,RxNorm,01/01/1970,31/12/2099,
,0,,melphalan,1301267,RxNorm,01/01/1970,31/12/2099,
,0,,sevoflurane,19039298,RxNorm,01/01/1970,31/12/2099,
,0,,gonadorelin,19089810,RxNorm,01/01/1970,31/12/2099,
,0,,sildenafil,1316262,RxNorm,01/01/1970,31/12/2099,
,0,,memantine hydrochloride,701322,RxNorm,01/01/1970,31/12/2099,
,0,,beclometasone dipropionate,1115572,RxNorm,01/01/1970,31/12/2099,
,0,,goserelin,1366310,RxNorm,01/01/1970,31/12/2099,
,0,,siltuximab,44818461,RxNorm,01/01/1970,31/12/2099,
,0,,bedaquiline,43012518,RxNorm,01/01/1970,31/12/2099,
,0,,granisetron,1000772,RxNorm,01/01/1970,31/12/2099,
,0,,silver nitrate,966913,RxNorm,01/01/1970,31/12/2099,
,0,,belatacept,40239665,RxNorm,01/01/1970,31/12/2099,
,0,,griseofulvin,1763779,RxNorm,01/01/1970,31/12/2099,
,0,,belimumab,40236987,RxNorm,01/01/1970,31/12/2099,
,0,,silver sulfadiazine,966956,RxNorm,01/01/1970,31/12/2099,
,0,,"meningococcal group b vaccine (rdna, component, adsorbed)",45775636,RxNorm,01/01/1970,31/12/2099,
,0,,guanethidine monosulfate,1366279,RxNorm,01/01/1970,31/12/2099,
,0,,bendamustine hydrochloride,19015523,RxNorm,01/01/1970,31/12/2099,
,0,,guanfacine,1344965,RxNorm,01/01/1970,31/12/2099,
,0,,simeticone with aluminium hydroxide and magnesium hydroxide,0,,01/01/1970,31/12/2099,
,0,,bendroflumethiazide,1316354,RxNorm,01/01/1970,31/12/2099,
,0,,guselkumab,1593700,RxNorm,01/01/1970,31/12/2099,
,0,,simvastatin,1539403,RxNorm,01/01/1970,31/12/2099,
,0,,meningococcal group c vaccine,0,,01/01/1970,31/12/2099,
,0,,benperidol,19016440,RxNorm,01/01/1970,31/12/2099,
,0,,sirolimus,19034726,RxNorm,01/01/1970,31/12/2099,
,0,,haem arginate,19068899,RxNorm,01/01/1970,31/12/2099,
,0,,benralizumab,792993,RxNorm,01/01/1970,31/12/2099,
,0,,sitagliptin,1580747,RxNorm,01/01/1970,31/12/2099,
,0,,benzoic acid with salicylic acid,0,,01/01/1970,31/12/2099,
,0,,meningococcal groups a with c and w135 and y vaccine,0,,01/01/1970,31/12/2099,
,0,,sodium acid phosphate with sodium phosphate,0,,01/01/1970,31/12/2099,
,0,,"benzoin tincture, compound",19056300,RxNorm,01/01/1970,31/12/2099,
,0,,menotrophin,0,,01/01/1970,31/12/2099,
,0,,haemophilus influenzae type b with meningococcal group c vaccine,0,,01/01/1970,31/12/2099,
,0,,sodium aurothiomalate,1152134,RxNorm,01/01/1970,31/12/2099,
,0,,benzoyl peroxide,918172,RxNorm,01/01/1970,31/12/2099,
,0,,mepacrine hydrochloride,19060400,RxNorm,01/01/1970,31/12/2099,
,0,,haloperidol,766529,RxNorm,01/01/1970,31/12/2099,
,0,,sodium bicarbonate,939506,RxNorm,01/01/1970,31/12/2099,
,0,,haloperidol decanoate,766529,RxNorm,01/01/1970,31/12/2099,
,0,,mepivacaine hydrochloride,702774,RxNorm,01/01/1970,31/12/2099,
,0,,benzydamine hydrochloride,19019620,RxNorm,01/01/1970,31/12/2099,
,0,,sodium chloride,967823,RxNorm,01/01/1970,31/12/2099,
,0,,mepolizumab,35606631,RxNorm,01/01/1970,31/12/2099,
,0,,benzyl benzoate,19036946,RxNorm,01/01/1970,31/12/2099,
,0,,heparin (unfractionated),1367571,RxNorm,01/01/1970,31/12/2099,
,0,,sodium citrate,977968,RxNorm,01/01/1970,31/12/2099,
,0,,meprobamate,702865,RxNorm,01/01/1970,31/12/2099,
,0,,meptazinol,19003010,RxNorm,01/01/1970,31/12/2099,
,0,,benzylpenicillin sodium,1728416,RxNorm,01/01/1970,31/12/2099,
,0,,sodium clodronate,19024249,RxNorm,01/01/1970,31/12/2099,
,0,,mercaptamine,910888,RxNorm,01/01/1970,31/12/2099,
,0,,hepatitis a vaccine,596876,RxNorm,01/01/1970,31/12/2099,
,0,,sodium cromoglicate,1152631,RxNorm,01/01/1970,31/12/2099,
,0,,betahistine dihydrochloride,19020124,RxNorm,01/01/1970,31/12/2099,
,0,,mercaptopurine,1436650,RxNorm,01/01/1970,31/12/2099,
,0,,betaine,1520218,RxNorm,01/01/1970,31/12/2099,
,0,,sodium feredetate,19001131,RxNorm,01/01/1970,31/12/2099,
,0,,hepatitis b immunoglobulin,501343,RxNorm,01/01/1970,31/12/2099,
,0,,betamethasone,920458,RxNorm,01/01/1970,31/12/2099,
,0,,meropenem,1709170,RxNorm,01/01/1970,31/12/2099,
,0,,sodium fluoride,19069022,RxNorm,01/01/1970,31/12/2099,
,0,,betaxolol,1322081,RxNorm,01/01/1970,31/12/2099,
,0,,mesalazine,968426,RxNorm,01/01/1970,31/12/2099,
,0,,sodium nitrite,19069907,RxNorm,01/01/1970,31/12/2099,
,0,,hepatitis b vaccine,0,,01/01/1970,31/12/2099,
,0,,mesna,1354698,RxNorm,01/01/1970,31/12/2099,
,0,,bethanechol chloride,937439,RxNorm,01/01/1970,31/12/2099,
,0,,hexetidine,19068839,RxNorm,01/01/1970,31/12/2099,
,0,,sodium nitroprusside,19020994,RxNorm,01/01/1970,31/12/2099,
,0,,bevacizumab,1397141,RxNorm,01/01/1970,31/12/2099,
,0,,metaraminol,19003303,RxNorm,01/01/1970,31/12/2099,
,0,,sodium oxybate,769935,RxNorm,01/01/1970,31/12/2099,
,0,,homatropine hydrobromide,1101703,RxNorm,01/01/1970,31/12/2099,
,0,,bexarotene,1389888,RxNorm,01/01/1970,31/12/2099,
,0,,metformin hydrochloride,1503297,RxNorm,01/01/1970,31/12/2099,
,0,,sodium phenylbutyrate,1539954,RxNorm,01/01/1970,31/12/2099,
,0,,bezafibrate,19022956,RxNorm,01/01/1970,31/12/2099,
,0,,bezlotoxumab,1718211,RxNorm,01/01/1970,31/12/2099,
,0,,methadone hydrochloride,1103640,RxNorm,01/01/1970,31/12/2099,
,0,,human alpha1-proteinase inhibitor,40798876,RxNorm Extension,01/01/1970,31/12/2099,
,0,,sodium picosulfate,19025115,RxNorm,01/01/1970,31/12/2099,
,0,,bicalutamide,1344381,RxNorm,01/01/1970,31/12/2099,
,0,,methenamine hippurate,904356,RxNorm,01/01/1970,31/12/2099,
,0,,sodium polystyrene sulfonate,19078126,RxNorm,01/01/1970,31/12/2099,
,0,,human papillomavirus vaccines,0,,01/01/1970,31/12/2099,
,0,,methocarbamol,704943,RxNorm,01/01/1970,31/12/2099,
,0,,bictegravir with emtricitabine and tenofovir alafenamide,0,,01/01/1970,31/12/2099,
,0,,sodium stibogluconate,19131064,RxNorm,01/01/1970,31/12/2099,
,0,,hyaluronidase,19073699,RxNorm,01/01/1970,31/12/2099,
,0,,bilastine,44012547,RxNorm Extension,01/01/1970,31/12/2099,
,0,,methotrexate,1305058,RxNorm,01/01/1970,31/12/2099,
,0,,sodium tetradecyl sulfate,19070012,RxNorm,01/01/1970,31/12/2099,
,0,,bimatoprost,904525,RxNorm,01/01/1970,31/12/2099,
,0,,hydralazine hydrochloride,1373928,RxNorm,01/01/1970,31/12/2099,
,0,,binimetinib,1559930,RxNorm,01/01/1970,31/12/2099,
,0,,methoxy polyethylene glycol-epoetin beta,19015768,RxNorm,01/01/1970,31/12/2099,
,0,,sodium valproate,745466,RxNorm,01/01/1970,31/12/2099,
,0,,hydrochlorothiazide,974166,RxNorm,01/01/1970,31/12/2099,
,0,,biphasic insulin aspart,1567198,RxNorm,01/01/1970,31/12/2099,
,0,,methoxyflurane,19005257,RxNorm,01/01/1970,31/12/2099,
,0,,sodium zirconium cyclosilicate,1510687,RxNorm,01/01/1970,31/12/2099,
,0,,hydrocortisone,975125,RxNorm,01/01/1970,31/12/2099,
,0,,sofosbuvir,44785094,RxNorm,01/01/1970,31/12/2099,
,0,,biphasic insulin lispro,1550023,RxNorm,01/01/1970,31/12/2099,
,0,,biphasic insulin lispro,1513876,RxNorm,01/01/1970,31/12/2099,
,0,,methylcellulose,905371,RxNorm,01/01/1970,31/12/2099,
,0,,hydrocortisone butyrate,975125,RxNorm,01/01/1970,31/12/2099,
,0,,sofosbuvir with velpatasvir,0,,01/01/1970,31/12/2099,
,0,,methyldopa,1305447,RxNorm,01/01/1970,31/12/2099,
,0,,biphasic isophane insulin,46221581,RxNorm,01/01/1970,31/12/2099,
,0,,biphasic isophane insulin,1596977,RxNorm,01/01/1970,31/12/2099,
,0,,hydromorphone hydrochloride,1126658,RxNorm,01/01/1970,31/12/2099,
,0,,bisacodyl,924939,RxNorm,01/01/1970,31/12/2099,
,0,,solifenacin succinate,916005,RxNorm,01/01/1970,31/12/2099,
,0,,methylnaltrexone bromide,909841,RxNorm,01/01/1970,31/12/2099,
,0,,hydroxocobalamin,1377023,RxNorm,01/01/1970,31/12/2099,
,0,,somatropin,1584910,RxNorm,01/01/1970,31/12/2099,
,0,,bisoprolol fumarate,1338005,RxNorm,01/01/1970,31/12/2099,
,0,,hydroxycarbamide,1377141,RxNorm,01/01/1970,31/12/2099,
,0,,sorafenib,1363387,RxNorm,01/01/1970,31/12/2099,
,0,,methylphenidate hydrochloride,705944,RxNorm,01/01/1970,31/12/2099,
,0,,bivalirudin,19084670,RxNorm,01/01/1970,31/12/2099,
,0,,hydroxychloroquine sulfate,1777087,RxNorm,01/01/1970,31/12/2099,
,0,,sotalol hydrochloride,1370109,RxNorm,01/01/1970,31/12/2099,
,0,,methylprednisolone,1506270,RxNorm,01/01/1970,31/12/2099,
,0,,bleomycin,1329241,RxNorm,01/01/1970,31/12/2099,
,0,,spironolactone,970250,RxNorm,01/01/1970,31/12/2099,
,0,,hydroxyzine hydrochloride,777221,RxNorm,01/01/1970,31/12/2099,
,0,,blinatumomab,45892531,RxNorm,01/01/1970,31/12/2099,
,0,,stavudine,1781406,RxNorm,01/01/1970,31/12/2099,
,0,,methylthioninium chloride,905518,RxNorm,01/01/1970,31/12/2099,
,0,,bortezomib,1336825,RxNorm,01/01/1970,31/12/2099,
,0,,hyoscine butylbromide,40234201,RxNorm,01/01/1970,31/12/2099,
,0,,sterculia,19084915,RxNorm,01/01/1970,31/12/2099,
,0,,bosentan,1321636,RxNorm,01/01/1970,31/12/2099,
,0,,metoclopramide hydrochloride,906780,RxNorm,01/01/1970,31/12/2099,
,0,,hyoscine hydrobromide,965748,RxNorm,01/01/1970,31/12/2099,
,0,,stiripentol,36879139,RxNorm Extension,01/01/1970,31/12/2099,
,0,,bosutinib,42900401,RxNorm,01/01/1970,31/12/2099,
,0,,metolazone,907013,RxNorm,01/01/1970,31/12/2099,
,0,,ibandronic acid,1512480,RxNorm,01/01/1970,31/12/2099,
,0,,streptokinase,19136187,RxNorm,01/01/1970,31/12/2099,
,0,,ibrutinib,44507848,RxNorm,01/01/1970,31/12/2099,
,0,,metoprolol tartrate,1307046,RxNorm,01/01/1970,31/12/2099,
,0,,ibuprofen,1177480,RxNorm,01/01/1970,31/12/2099,
,0,,botulinum toxin type a,729855,RxNorm,01/01/1970,31/12/2099,
,0,,metronidazole,1707164,RxNorm,01/01/1970,31/12/2099,
,0,,streptomycin,1836191,RxNorm,01/01/1970,31/12/2099,
,0,,icatibant,40242044,RxNorm,01/01/1970,31/12/2099,
,0,,metyrapone,19007490,RxNorm,01/01/1970,31/12/2099,
,0,,botulinum toxin type b,40166020,RxNorm,01/01/1970,31/12/2099,
,0,,streptozocin,19136210,RxNorm,01/01/1970,31/12/2099,
,0,,ichthammol,977949,RxNorm,01/01/1970,31/12/2099,
,0,,mexiletine,1307542,RxNorm,01/01/1970,31/12/2099,
,0,,sucralfate,1036228,RxNorm,01/01/1970,31/12/2099,
,0,,botulism antitoxin,0,,01/01/1970,31/12/2099,
,0,,idarubicin hydrochloride,19078097,RxNorm,01/01/1970,31/12/2099,
,0,,mianserin hydrochloride,19007737,RxNorm,01/01/1970,31/12/2099,
,0,,sucroferric oxyhydroxide,44785066,RxNorm,01/01/1970,31/12/2099,
,0,,brentuximab vedotin,40241969,RxNorm,01/01/1970,31/12/2099,
,0,,idebenone,19067036,RxNorm,01/01/1970,31/12/2099,
,0,,micafungin,19018013,RxNorm,01/01/1970,31/12/2099,
,0,,sufentanil,19078219,RxNorm,01/01/1970,31/12/2099,
,0,,brigatinib,1594187,RxNorm,01/01/1970,31/12/2099,
,0,,idelalisib,45776944,RxNorm,01/01/1970,31/12/2099,
,0,,miconazole,907879,RxNorm,01/01/1970,31/12/2099,
,0,,sugammadex,35604506,RxNorm,01/01/1970,31/12/2099,
,0,,idursulfase,19091430,RxNorm,01/01/1970,31/12/2099,
,0,,midazolam,708298,RxNorm,01/01/1970,31/12/2099,
,0,,brimonidine tartrate,915542,RxNorm,01/01/1970,31/12/2099,
,0,,sulfadiazine,1836391,RxNorm,01/01/1970,31/12/2099,
,0,,ifosfamide,19078187,RxNorm,01/01/1970,31/12/2099,
,0,,brinzolamide,938044,RxNorm,01/01/1970,31/12/2099,
,0,,sulfasalazine,964339,RxNorm,01/01/1970,31/12/2099,
,0,,iloprost,1344992,RxNorm,01/01/1970,31/12/2099,
,0,,midodrine hydrochloride,1308368,RxNorm,01/01/1970,31/12/2099,
,0,,brivaracetam,35604901,RxNorm,01/01/1970,31/12/2099,
,0,,imatinib,1304107,RxNorm,01/01/1970,31/12/2099,
,0,,pivmecillinam hydrochloride,19088223,RxNorm,01/01/1970,31/12/2099,
,0,,midostaurin,1594003,RxNorm,01/01/1970,31/12/2099,
,0,,abacavir,1736971,RxNorm,01/01/1970,31/12/2099,
,0,,pixantrone,36879010,RxNorm Extension,01/01/1970,31/12/2099,
,0,,mifamurtide,36878942,RxNorm Extension,01/01/1970,31/12/2099,
,0,,imidapril hydrochloride,19122327,RxNorm,01/01/1970,31/12/2099,
,0,,abatacept,1186087,RxNorm,01/01/1970,31/12/2099,
,0,,pizotifen,19047076,RxNorm,01/01/1970,31/12/2099,
,0,,imiglucerase,1348407,RxNorm,01/01/1970,31/12/2099,
,0,,insulin glulisine,1544838,RxNorm,01/01/1970,31/12/2099,
,0,,abemaciclib,792649,RxNorm,01/01/1970,31/12/2099,
,0,,plerixafor,19017581,RxNorm,01/01/1970,31/12/2099,
,0,,insulin lispro,1550023,RxNorm,01/01/1970,31/12/2099,
,0,,imipenem with cilastatin,0,,01/01/1970,31/12/2099,
,0,,abiraterone acetate,40239056,RxNorm,01/01/1970,31/12/2099,
,0,,insulin zinc suspension,0,,01/01/1970,31/12/2099,
,0,,acamprosate calcium,19043959,RxNorm,01/01/1970,31/12/2099,
,0,,imipramine hydrochloride,778268,RxNorm,01/01/1970,31/12/2099,
,0,,imiquimod,981691,RxNorm,01/01/1970,31/12/2099,
,0,,interferon alfa,0,,01/01/1970,31/12/2099,
,0,,acarbose,1529331,RxNorm,01/01/1970,31/12/2099,
,0,,pneumococcal polysaccharide conjugate vaccine (adsorbed),0,,01/01/1970,31/12/2099,
,0,,indacaterol,40240664,RxNorm,01/01/1970,31/12/2099,
,0,,acebutolol,1319998,RxNorm,01/01/1970,31/12/2099,
,0,,interferon beta,19109079,RxNorm,01/01/1970,31/12/2099,
,0,,indapamide,978555,RxNorm,01/01/1970,31/12/2099,
,0,,aceclofenac,19029393,RxNorm,01/01/1970,31/12/2099,
,0,,interferon gamma-1b,1380191,RxNorm,01/01/1970,31/12/2099,
,0,,indometacin,1178663,RxNorm,01/01/1970,31/12/2099,
,0,,pneumococcal polysaccharide vaccine,0,,01/01/1970,31/12/2099,
,0,,acenocoumarol,19024063,RxNorm,01/01/1970,31/12/2099,
,0,,indoramin,19078808,RxNorm,01/01/1970,31/12/2099,
,0,,podophyllotoxin,947705,RxNorm,01/01/1970,31/12/2099,
,0,,acetazolamide,929435,RxNorm,01/01/1970,31/12/2099,
,0,,infliximab,937368,RxNorm,01/01/1970,31/12/2099,
,0,,intra-uterine contraceptive devices (copper),0,,01/01/1970,31/12/2099,
,0,,pomalidomide,43014237,RxNorm,01/01/1970,31/12/2099,
,0,,acetylcholine chloride,19037624,RxNorm,01/01/1970,31/12/2099,
,0,,ponatinib,43013182,RxNorm,01/01/1970,31/12/2099,
,0,,iodide with iodine,0,,01/01/1970,31/12/2099,
,0,,acetylcysteine,1139042,RxNorm,01/01/1970,31/12/2099,
,0,,ipilimumab,40238188,RxNorm,01/01/1970,31/12/2099,
,0,,porfimer sodium,0,,01/01/1970,31/12/2099,
,0,,influenza vaccine,0,,01/01/1970,31/12/2099,
,0,,aciclovir,1703687,RxNorm,01/01/1970,31/12/2099,
,0,,posaconazole,1704139,RxNorm,01/01/1970,31/12/2099,
,0,,ipratropium bromide,1112921,RxNorm,01/01/1970,31/12/2099,
,0,,acipimox,19029644,RxNorm,01/01/1970,31/12/2099,
,0,,ingenol mebutate,42709320,RxNorm,01/01/1970,31/12/2099,
,0,,irbesartan,1347384,RxNorm,01/01/1970,31/12/2099,
,0,,potassium aminobenzoate,19011904,RxNorm,01/01/1970,31/12/2099,
,0,,acitretin,929638,RxNorm,01/01/1970,31/12/2099,
,0,,inosine pranobex,19083285,RxNorm,01/01/1970,31/12/2099,
,0,,irinotecan hydrochloride,1367268,RxNorm,01/01/1970,31/12/2099,
,0,,aclidinium bromide,42873639,RxNorm,01/01/1970,31/12/2099,
,0,,potassium bicarbonate with potassium acid tartrate,0,,01/01/1970,31/12/2099,
,0,,inositol nicotinate,1379525,RxNorm,01/01/1970,31/12/2099,
,0,,iron dextran,1381661,RxNorm,01/01/1970,31/12/2099,
,0,,acrivastine,1140123,RxNorm,01/01/1970,31/12/2099,
,0,,potassium chloride,19049105,RxNorm,01/01/1970,31/12/2099,
,0,,inotersen,35200990,RxNorm,01/01/1970,31/12/2099,
,0,,adalimumab,1119119,RxNorm,01/01/1970,31/12/2099,
,0,,iron isomaltoside 1000,36879073,RxNorm Extension,01/01/1970,31/12/2099,
,0,,povidone-iodine,1750087,RxNorm,01/01/1970,31/12/2099,
,0,,inotuzumab ozogamicin,794068,RxNorm,01/01/1970,31/12/2099,
,0,,adefovir dipivoxil,1729323,RxNorm,01/01/1970,31/12/2099,
,0,,iron sucrose,1395773,RxNorm,01/01/1970,31/12/2099,
,0,,insulin,0,,01/01/1970,31/12/2099,
,0,,pralidoxime chloride,1727468,RxNorm,01/01/1970,31/12/2099,
,0,,adenosine,1309204,RxNorm,01/01/1970,31/12/2099,
,0,,isavuconazole,35606695,RxNorm,01/01/1970,31/12/2099,
,0,,insulin aspart,1567198,RxNorm,01/01/1970,31/12/2099,
,0,,pramipexole,720810,RxNorm,01/01/1970,31/12/2099,
,0,,isocarboxazid,781705,RxNorm,01/01/1970,31/12/2099,
,0,,prasterone,1312007,RxNorm,01/01/1970,31/12/2099,
,0,,adrenaline with articaine hydrochloride,0,,01/01/1970,31/12/2099,
,0,,insulin degludec,35602717,RxNorm,01/01/1970,31/12/2099,
,0,,isoflurane,782043,RxNorm,01/01/1970,31/12/2099,
,0,,prasugrel,40163718,RxNorm,01/01/1970,31/12/2099,
,0,,adrenaline/epinephrine,1343916,RxNorm,01/01/1970,31/12/2099,
,0,,insulin detemir,1516976,RxNorm,01/01/1970,31/12/2099,
,0,,afatinib,43533090,RxNorm,01/01/1970,31/12/2099,
,0,,isoniazid,1782521,RxNorm,01/01/1970,31/12/2099,
,0,,pravastatin sodium,1551860,RxNorm,01/01/1970,31/12/2099,
,0,,insulin glargine,1502905,RxNorm,01/01/1970,31/12/2099,
,0,,aflibercept,40244266,RxNorm,01/01/1970,31/12/2099,
,0,,prazosin,1350489,RxNorm,01/01/1970,31/12/2099,
,0,,isophane insulin,46221581,RxNorm,01/01/1970,31/12/2099,
,0,,exenatide,1583722,RxNorm,01/01/1970,31/12/2099,
,0,,prednisolone,1550557,RxNorm,01/01/1970,31/12/2099,
,0,,agalsidase alfa,36878851,RxNorm Extension,01/01/1970,31/12/2099,
,0,,ezetimibe,1526475,RxNorm,01/01/1970,31/12/2099,
,0,,isosorbide dinitrate,1383925,RxNorm,01/01/1970,31/12/2099,
,0,,pregabalin,734354,RxNorm,01/01/1970,31/12/2099,
,0,,agalsidase beta,1525746,RxNorm,01/01/1970,31/12/2099,
,0,,agomelatine,36878783,RxNorm Extension,01/01/1970,31/12/2099,
,0,,isosorbide mononitrate,1383815,RxNorm,01/01/1970,31/12/2099,
,0,,prilocaine hydrochloride,951279,RxNorm,01/01/1970,31/12/2099,
,0,,"factor ix fraction, dried",1351935,RxNorm,01/01/1970,31/12/2099,
,0,,isotretinoin,984232,RxNorm,01/01/1970,31/12/2099,
,0,,prilocaine with felypressin,0,,01/01/1970,31/12/2099,
,0,,albumin solution,1344143,RxNorm,01/01/1970,31/12/2099,
,0,,factor viia (recombinant),1352141,RxNorm,01/01/1970,31/12/2099,
,0,,primaquine,1751310,RxNorm,01/01/1970,31/12/2099,
,0,,ispaghula husk,19137031,RxNorm,01/01/1970,31/12/2099,
,0,,alclometasone dipropionate,905151,RxNorm,01/01/1970,31/12/2099,
,0,,primidone,751347,RxNorm,01/01/1970,31/12/2099,
,0,,itraconazole,1703653,RxNorm,01/01/1970,31/12/2099,
,0,,aldesleukin,1309770,RxNorm,01/01/1970,31/12/2099,
,0,,"factor viii fraction, dried",1352213,RxNorm,01/01/1970,31/12/2099,
,0,,procarbazine,1351779,RxNorm,01/01/1970,31/12/2099,
,0,,ivabradine,46234437,RxNorm,01/01/1970,31/12/2099,
,0,,alectinib,35604657,RxNorm,01/01/1970,31/12/2099,
,0,,prochlorperazine,752061,RxNorm,01/01/1970,31/12/2099,
,0,,alemtuzumab,1312706,RxNorm,01/01/1970,31/12/2099,
,0,,factor viii inhibitor bypassing fraction,1352213,RxNorm,01/01/1970,31/12/2099,
,0,,ivacaftor,42709323,RxNorm,01/01/1970,31/12/2099,
,0,,alendronic acid,1557272,RxNorm,01/01/1970,31/12/2099,
,0,,procyclidine hydrochloride,752276,RxNorm,01/01/1970,31/12/2099,
,0,,ivermectin,1784444,RxNorm,01/01/1970,31/12/2099,
,0,,alfacalcidol,19014202,RxNorm,01/01/1970,31/12/2099,
,0,,progesterone,1552310,RxNorm,01/01/1970,31/12/2099,
,0,,ixazomib,35606214,RxNorm,01/01/1970,31/12/2099,
,0,,"factor xiii fraction, dried",19106100,RxNorm,01/01/1970,31/12/2099,
,0,,ixekizumab,35603563,RxNorm,01/01/1970,31/12/2099,
,0,,alfentanil,19059528,RxNorm,01/01/1970,31/12/2099,
,0,,famciclovir,1703603,RxNorm,01/01/1970,31/12/2099,
,0,,proguanil hydrochloride,1792429,RxNorm,01/01/1970,31/12/2099,
,0,,famotidine,953076,RxNorm,01/01/1970,31/12/2099,
,0,,alfuzosin hydrochloride,930021,RxNorm,01/01/1970,31/12/2099,
,0,,fampridine,40170680,RxNorm,01/01/1970,31/12/2099,
,0,,promazine hydrochloride,19052903,RxNorm,01/01/1970,31/12/2099,
,0,,febuxostat,19017742,RxNorm,01/01/1970,31/12/2099,
,0,,japanese encephalitis vaccine,19047598,RxNorm,01/01/1970,31/12/2099,
,0,,alglucosidase alfa,19088328,RxNorm,01/01/1970,31/12/2099,
,0,,felbinac,19100761,RxNorm,01/01/1970,31/12/2099,
,0,,alimemazine tartrate,19005570,RxNorm,01/01/1970,31/12/2099,
,0,,kaolin with morphine,0,,01/01/1970,31/12/2099,
,0,,promethazine hydrochloride,1153013,RxNorm,01/01/1970,31/12/2099,
,0,,ketamine,785649,RxNorm,01/01/1970,31/12/2099,
,0,,alirocumab,46275447,RxNorm,01/01/1970,31/12/2099,
,0,,felodipine,1353776,RxNorm,01/01/1970,31/12/2099,
,0,,ketoconazole,985708,RxNorm,01/01/1970,31/12/2099,
,0,,promethazine teoclate,1153013,RxNorm,01/01/1970,31/12/2099,
,0,,fenofibrate,1551803,RxNorm,01/01/1970,31/12/2099,
,0,,aliskiren,1317967,RxNorm,01/01/1970,31/12/2099,
,0,,ketoprofen,1185922,RxNorm,01/01/1970,31/12/2099,
,0,,fentanyl,1154029,RxNorm,01/01/1970,31/12/2099,
,0,,alitretinoin,941052,RxNorm,01/01/1970,31/12/2099,
,0,,propafenone hydrochloride,1353256,RxNorm,01/01/1970,31/12/2099,
,0,,ketorolac trometamol,1136980,RxNorm,01/01/1970,31/12/2099,
,0,,fenticonazole nitrate,19095729,RxNorm,01/01/1970,31/12/2099,
,0,,allopurinol,1167322,RxNorm,01/01/1970,31/12/2099,
,0,,ketotifen,986117,RxNorm,01/01/1970,31/12/2099,
,0,,propamidine isetionate,19029108,RxNorm,01/01/1970,31/12/2099,
,0,,almotriptan,1103552,RxNorm,01/01/1970,31/12/2099,
,0,,ferric carboxymaltose,43560392,RxNorm,01/01/1970,31/12/2099,
,0,,labetalol hydrochloride,1386957,RxNorm,01/01/1970,31/12/2099,
,0,,alogliptin,43013884,RxNorm,01/01/1970,31/12/2099,
,0,,propantheline bromide,953391,RxNorm,01/01/1970,31/12/2099,
,0,,ferric maltol,40684656,RxNorm Extension,01/01/1970,31/12/2099,
,0,,lacidipine,19004539,RxNorm,01/01/1970,31/12/2099,
,0,,propiverine hydrochloride,19077093,RxNorm,01/01/1970,31/12/2099,
,0,,ferrous fumarate,1595799,RxNorm,01/01/1970,31/12/2099,
,0,,alpha tocopherol,19056802,RxNorm,01/01/1970,31/12/2099,
,0,,lacosamide,19087394,RxNorm,01/01/1970,31/12/2099,
,0,,propofol,753626,RxNorm,01/01/1970,31/12/2099,
,0,,ferrous gluconate,1396012,RxNorm,01/01/1970,31/12/2099,
,0,,lactulose,987245,RxNorm,01/01/1970,31/12/2099,
,0,,alpha tocopheryl acetate,19009540,RxNorm,01/01/1970,31/12/2099,
,0,,ferrous sulfate,1396131,RxNorm,01/01/1970,31/12/2099,
,0,,alprazolam,781039,RxNorm,01/01/1970,31/12/2099,
,0,,lamivudine,1704183,RxNorm,01/01/1970,31/12/2099,
,0,,propranolol hydrochloride,1353766,RxNorm,01/01/1970,31/12/2099,
,0,,alprostadil,1381504,RxNorm,01/01/1970,31/12/2099,
,0,,lamotrigine,705103,RxNorm,01/01/1970,31/12/2099,
,0,,fesoterodine fumarate,19027958,RxNorm,01/01/1970,31/12/2099,
,0,,propylthiouracil,1554072,RxNorm,01/01/1970,31/12/2099,
,0,,alteplase,1347450,RxNorm,01/01/1970,31/12/2099,
,0,,lanreotide,1503501,RxNorm,01/01/1970,31/12/2099,
,0,,lansoprazole,929887,RxNorm,01/01/1970,31/12/2099,
,0,,fexofenadine hydrochloride,1153428,RxNorm,01/01/1970,31/12/2099,
,0,,protamine sulfate,19054242,RxNorm,01/01/1970,31/12/2099,
,0,,aluminium chloride hexahydrate,957393,RxNorm,01/01/1970,31/12/2099,
,0,,lanthanum,42899476,RxNorm,01/01/1970,31/12/2099,
,0,,protamine zinc insulin,19090187,RxNorm,01/01/1970,31/12/2099,
,0,,"fibrinogen, dried",19054702,RxNorm,01/01/1970,31/12/2099,
,0,,lapatinib,1359548,RxNorm,01/01/1970,31/12/2099,
,0,,alverine citrate,19030751,RxNorm,01/01/1970,31/12/2099,
,0,,fidaxomicin,40239985,RxNorm,01/01/1970,31/12/2099,
,0,,laronidase,1543229,RxNorm,01/01/1970,31/12/2099,
,0,,filgrastim,1304850,RxNorm,01/01/1970,31/12/2099,
,0,,protein c concentrate,42801108,RxNorm,01/01/1970,31/12/2099,
,0,,amantadine hydrochloride,19087090,RxNorm,01/01/1970,31/12/2099,
,0,,latanoprost,954688,RxNorm,01/01/1970,31/12/2099,
,0,,finasteride,996416,RxNorm,01/01/1970,31/12/2099,
,0,,prucalopride,36878772,RxNorm Extension,01/01/1970,31/12/2099,
,0,,ambrisentan,1337068,RxNorm,01/01/1970,31/12/2099,
,0,,ledipasvir with sofosbuvir,0,,01/01/1970,31/12/2099,
,0,,fingolimod,40226579,RxNorm,01/01/1970,31/12/2099,
,0,,amifampridine,36878604,RxNorm Extension,01/01/1970,31/12/2099,
,0,,leflunomide,1101898,RxNorm,01/01/1970,31/12/2099,
,0,,pseudoephedrine hydrochloride,1154332,RxNorm,01/01/1970,31/12/2099,
,0,,amikacin,1790868,RxNorm,01/01/1970,31/12/2099,
,0,,flavoxate hydrochloride,954853,RxNorm,01/01/1970,31/12/2099,
,0,,pyrazinamide,1759455,RxNorm,01/01/1970,31/12/2099,
,0,,lenalidomide,19026972,RxNorm,01/01/1970,31/12/2099,
,0,,amiloride hydrochloride,991382,RxNorm,01/01/1970,31/12/2099,
,0,,flecainide acetate,1354860,RxNorm,01/01/1970,31/12/2099,
,0,,lenograstim,19009705,RxNorm,01/01/1970,31/12/2099,
,0,,pyridostigmine bromide,759740,RxNorm,01/01/1970,31/12/2099,
,0,,flucloxacillin,19054936,RxNorm,01/01/1970,31/12/2099,
,0,,aminophylline,1105775,RxNorm,01/01/1970,31/12/2099,
,0,,lenvatinib,46221433,RxNorm,01/01/1970,31/12/2099,
,0,,fluconazole,1754994,RxNorm,01/01/1970,31/12/2099,
,0,,pyridoxine hydrochloride,19005046,RxNorm,01/01/1970,31/12/2099,
,0,,aminosalicylic acid,1726228,RxNorm,01/01/1970,31/12/2099,
,0,,flucytosine,1755112,RxNorm,01/01/1970,31/12/2099,
,0,,lercanidipine hydrochloride,19015802,RxNorm,01/01/1970,31/12/2099,
,0,,pyrimethamine,1760039,RxNorm,01/01/1970,31/12/2099,
,0,,amiodarone hydrochloride,1309944,RxNorm,01/01/1970,31/12/2099,
,0,,quetiapine,766814,RxNorm,01/01/1970,31/12/2099,
,0,,letermovir,792929,RxNorm,01/01/1970,31/12/2099,
,0,,fludarabine phosphate,1395557,RxNorm,01/01/1970,31/12/2099,
,0,,letrozole,1315946,RxNorm,01/01/1970,31/12/2099,
,0,,quinagolide,19024140,RxNorm,01/01/1970,31/12/2099,
,0,,amisulpride,19057607,RxNorm,01/01/1970,31/12/2099,
,0,,fludrocortisone acetate,1555120,RxNorm,01/01/1970,31/12/2099,
,0,,quinapril,1331235,RxNorm,01/01/1970,31/12/2099,
,0,,leuprorelin acetate,1351541,RxNorm,01/01/1970,31/12/2099,
,0,,quinine,1760616,RxNorm,01/01/1970,31/12/2099,
,0,,amitriptyline hydrochloride,710062,RxNorm,01/01/1970,31/12/2099,
,0,,fludroxycortide,956266,RxNorm,01/01/1970,31/12/2099,
,0,,levamisole,1389464,RxNorm,01/01/1970,31/12/2099,
,0,,rabeprazole sodium,911735,RxNorm,01/01/1970,31/12/2099,
,0,,amlodipine,1332418,RxNorm,01/01/1970,31/12/2099,
,0,,flumazenil,19055153,RxNorm,01/01/1970,31/12/2099,
,0,,levetiracetam,711584,RxNorm,01/01/1970,31/12/2099,
,0,,amorolfine,19032619,RxNorm,01/01/1970,31/12/2099,
,0,,rabies immunoglobulin,19135830,RxNorm,01/01/1970,31/12/2099,
,0,,amoxicillin,1713332,RxNorm,01/01/1970,31/12/2099,
,0,,flumetasone pivalate with clioquinol,0,,01/01/1970,31/12/2099,
,0,,levobunolol hydrochloride,932815,RxNorm,01/01/1970,31/12/2099,
,0,,fluocinolone acetonide,996541,RxNorm,01/01/1970,31/12/2099,
,0,,amphotericin,952045,RxNorm,01/01/1970,31/12/2099,
,0,,levobupivacaine,19098741,RxNorm,01/01/1970,31/12/2099,
,0,,rabies vaccine,0,,01/01/1970,31/12/2099,
,0,,ampicillin,1717327,RxNorm,01/01/1970,31/12/2099,
,0,,fluocinonide,955252,RxNorm,01/01/1970,31/12/2099,
,0,,levocarnitine,1553610,RxNorm,01/01/1970,31/12/2099,
,0,,raloxifene hydrochloride,1513103,RxNorm,01/01/1970,31/12/2099,
,0,,fluorometholone,955583,RxNorm,01/01/1970,31/12/2099,
,0,,amsacrine,19017810,RxNorm,01/01/1970,31/12/2099,
,0,,levocetirizine hydrochloride,1136422,RxNorm,01/01/1970,31/12/2099,
,0,,fluorouracil,955632,RxNorm,01/01/1970,31/12/2099,
,0,,raltegravir,1712889,RxNorm,01/01/1970,31/12/2099,
,0,,anagrelide,1381253,RxNorm,01/01/1970,31/12/2099,
,0,,levofloxacin,1742253,RxNorm,01/01/1970,31/12/2099,
,0,,fluoxetine,755695,RxNorm,01/01/1970,31/12/2099,
,0,,anakinra,1114375,RxNorm,01/01/1970,31/12/2099,
,0,,raltitrexed,19038536,RxNorm,01/01/1970,31/12/2099,
,0,,levofolinic acid,40168303,RxNorm,01/01/1970,31/12/2099,
,0,,flupentixol,19055982,RxNorm,01/01/1970,31/12/2099,
,0,,ramipril,1334456,RxNorm,01/01/1970,31/12/2099,
,0,,anastrozole,1348265,RxNorm,01/01/1970,31/12/2099,
,0,,levomepromazine,19005147,RxNorm,01/01/1970,31/12/2099,
,0,,ramucirumab,44818489,RxNorm,01/01/1970,31/12/2099,
,0,,flupentixol decanoate,19055982,RxNorm,01/01/1970,31/12/2099,
,0,,anidulafungin,19026450,RxNorm,01/01/1970,31/12/2099,
,0,,levonorgestrel,1589505,RxNorm,01/01/1970,31/12/2099,
,0,,ranibizumab,19080982,RxNorm,01/01/1970,31/12/2099,
,0,,fluphenazine decanoate,756018,RxNorm,01/01/1970,31/12/2099,
,0,,antazoline with xylometazoline,0,,01/01/1970,31/12/2099,
,0,,levothyroxine sodium,1501700,RxNorm,01/01/1970,31/12/2099,
,0,,ranitidine,961047,RxNorm,01/01/1970,31/12/2099,
,0,,flurazepam,756349,RxNorm,01/01/1970,31/12/2099,
,0,,ranolazine,1337107,RxNorm,01/01/1970,31/12/2099,
,0,,flurbiprofen,1156378,RxNorm,01/01/1970,31/12/2099,
,0,,lidocaine hydrochloride,989878,RxNorm,01/01/1970,31/12/2099,
,0,,flutamide,1356461,RxNorm,01/01/1970,31/12/2099,
,0,,rasagiline,715710,RxNorm,01/01/1970,31/12/2099,
,0,,anthrax vaccine,19045672,RxNorm,01/01/1970,31/12/2099,
,0,,lidocaine with prilocaine,0,,01/01/1970,31/12/2099,
,0,,fluticasone,1149380,RxNorm,01/01/1970,31/12/2099,
,0,,rasburicase,1304565,RxNorm,01/01/1970,31/12/2099,
,0,,linaclotide,42900505,RxNorm,01/01/1970,31/12/2099,
,0,,anti-d (rh0) immunoglobulin,535714,RxNorm,01/01/1970,31/12/2099,
,0,,reboxetine,19084693,RxNorm,01/01/1970,31/12/2099,
,0,,linagliptin,40239216,RxNorm,01/01/1970,31/12/2099,
,0,,fluticasone with formoterol,0,,01/01/1970,31/12/2099,
,0,,regorafenib,42903460,RxNorm,01/01/1970,31/12/2099,
,0,,linezolid,1736887,RxNorm,01/01/1970,31/12/2099,
,0,,remifentanil,19016749,RxNorm,01/01/1970,31/12/2099,
,0,,antithymocyte immunoglobulin (rabbit),19136041,RxNorm,01/01/1970,31/12/2099,
,0,,apalutamide,963987,RxNorm,01/01/1970,31/12/2099,
,0,,liothyronine sodium,1505346,RxNorm,01/01/1970,31/12/2099,
,0,,repaglinide,1516766,RxNorm,01/01/1970,31/12/2099,
,0,,fluticasone with umeclidinium and vilanterol,0,,01/01/1970,31/12/2099,
,0,,reslizumab,35603983,RxNorm,01/01/1970,31/12/2099,
,0,,apixaban,43013024,RxNorm,01/01/1970,31/12/2099,
,0,,lipegfilgrastim,44506753,RxNorm,01/01/1970,31/12/2099,
,0,,ribavirin,1762711,RxNorm,01/01/1970,31/12/2099,
,0,,fluticasone with vilanterol,0,,01/01/1970,31/12/2099,
,0,,apomorphine hydrochloride,837027,RxNorm,01/01/1970,31/12/2099,
,0,,liquid paraffin,908523,RxNorm,01/01/1970,31/12/2099,
,0,,ribociclib,1592911,RxNorm,01/01/1970,31/12/2099,
,0,,fluvastatin,1549686,RxNorm,01/01/1970,31/12/2099,
,0,,apraclonidine,919986,RxNorm,01/01/1970,31/12/2099,
,0,,liraglutide,40170911,RxNorm,01/01/1970,31/12/2099,
,0,,rifabutin,1777417,RxNorm,01/01/1970,31/12/2099,
,0,,apremilast,44816294,RxNorm,01/01/1970,31/12/2099,
,0,,rifampicin,1763204,RxNorm,01/01/1970,31/12/2099,
,0,,fluvoxamine maleate,751412,RxNorm,01/01/1970,31/12/2099,
,0,,lisdexamfetamine mesilate,709567,RxNorm,01/01/1970,31/12/2099,
,0,,folic acid,19111620,RxNorm,01/01/1970,31/12/2099,
,0,,rifaximin,1735947,RxNorm,01/01/1970,31/12/2099,
,0,,aprepitant,936748,RxNorm,01/01/1970,31/12/2099,
,0,,lisinopril,1308216,RxNorm,01/01/1970,31/12/2099,
,0,,folinic acid,1388796,RxNorm,01/01/1970,31/12/2099,
,0,,rilpivirine,40238930,RxNorm,01/01/1970,31/12/2099,
,0,,argatroban monohydrate,1322207,RxNorm,01/01/1970,31/12/2099,
,0,,lithium carbonate,751246,RxNorm,01/01/1970,31/12/2099,
,0,,riluzole,735951,RxNorm,01/01/1970,31/12/2099,
,0,,follitropin alfa,1542948,RxNorm,01/01/1970,31/12/2099,
,0,,aripiprazole,757688,RxNorm,01/01/1970,31/12/2099,
,0,,riociguat,44506752,RxNorm,01/01/1970,31/12/2099,
,0,,lithium citrate,767410,RxNorm,01/01/1970,31/12/2099,
,0,,follitropin delta,1588712,RxNorm,01/01/1970,31/12/2099,
,0,,risankizumab,0,,01/01/1970,31/12/2099,
,0,,lixisenatide,44506754,RxNorm,01/01/1970,31/12/2099,
,0,,fondaparinux sodium,1315865,RxNorm,01/01/1970,31/12/2099,
,0,,risedronate sodium,1516800,RxNorm,01/01/1970,31/12/2099,
,0,,formaldehyde,1756524,RxNorm,01/01/1970,31/12/2099,
,0,,formoterol fumarate,1196677,RxNorm,01/01/1970,31/12/2099,
,0,,fosamprenavir,1736829,RxNorm,01/01/1970,31/12/2099,
,0,,fosaprepitant,35605594,RxNorm,01/01/1970,31/12/2099,
,0,,foscarnet sodium,1724700,RxNorm,01/01/1970,31/12/2099,
,0,,fosfomycin,956653,RxNorm,01/01/1970,31/12/2099,
,0,,fosinopril sodium,1363749,RxNorm,01/01/1970,31/12/2099,
,0,,fosphenytoin sodium,713192,RxNorm,01/01/1970,31/12/2099,
,0,,framycetin sulfate,19056694,RxNorm,01/01/1970,31/12/2099,
,0,,fremanezumab,35200577,RxNorm,01/01/1970,31/12/2099,
,0,,fresh frozen plasma,0,,01/01/1970,31/12/2099,
,0,,frovatriptan,1189458,RxNorm,01/01/1970,31/12/2099,
,0,,fulvestrant,1304044,RxNorm,01/01/1970,31/12/2099,
,0,,furosemide,956874,RxNorm,01/01/1970,31/12/2099,
,0,,fusidic acid,19010400,RxNorm,01/01/1970,31/12/2099,
,0,,gabapentin,797399,RxNorm,01/01/1970,31/12/2099,
,0,,galantamine,757627,RxNorm,01/01/1970,31/12/2099,
,0,,galsulfase,19078649,RxNorm,01/01/1970,31/12/2099,
,0,,ganciclovir,1757803,RxNorm,01/01/1970,31/12/2099,
,0,,ganirelix,1536743,RxNorm,01/01/1970,31/12/2099,
,0,,gefitinib,1319193,RxNorm,01/01/1970,31/12/2099,
,0,,gelatin,19058092,RxNorm,01/01/1970,31/12/2099,
,0,,gemcitabine,1314924,RxNorm,01/01/1970,31/12/2099,
